time,open,high,low,close,volume,ticker
2017-09-21,6667,6667,6667,6667,0,KGM
2017-09-22,6667,6667,6667,6667,0,KGM
2017-09-25,6667,6667,6667,6667,0,KGM
2017-09-26,6667,6667,6667,6667,0,KGM
2017-09-27,6667,6667,6667,6667,0,KGM
2017-09-28,6667,6667,6667,6667,0,KGM
2017-09-29,6667,6667,6667,6667,0,KGM
2017-10-02,6667,6667,6667,6667,0,KGM
2017-10-03,6667,6667,6667,6667,0,KGM
2017-10-04,6667,6667,6667,6667,0,KGM
2017-10-05,6667,6667,6667,6667,0,KGM
2017-10-06,6667,6667,6667,6667,0,KGM
2017-10-09,6667,6667,6667,6667,0,KGM
2017-10-10,6667,6667,6667,6667,0,KGM
2017-10-11,6667,6667,6667,6667,0,KGM
2017-10-12,6667,6667,6667,6667,0,KGM
2017-10-13,6667,6667,6667,6667,0,KGM
2017-10-16,6667,6667,6667,6667,0,KGM
2017-10-17,6667,6667,6667,6667,0,KGM
2017-10-18,6667,6667,6667,6667,0,KGM
2017-10-19,6667,6667,6667,6667,1100,KGM
2017-10-20,6667,6667,6667,6667,0,KGM
2017-10-23,6667,6667,6667,6667,0,KGM
2017-10-24,6667,6667,6667,6667,0,KGM
2017-10-25,7667,7667,7667,7667,100,KGM
2017-10-26,7667,7667,7667,7667,0,KGM
2017-10-27,7667,7667,7667,7667,0,KGM
2017-10-30,7667,7667,7667,7667,0,KGM
2017-10-31,7667,7667,7667,7667,0,KGM
2017-11-01,7667,7667,7667,7667,0,KGM
2017-11-02,7667,7667,7667,7667,0,KGM
2017-11-03,7667,7667,7667,7667,0,KGM
2017-11-06,7667,7667,7667,7667,0,KGM
2017-11-07,7667,7667,7667,7667,0,KGM
2017-11-08,7667,7667,7667,7667,0,KGM
2017-11-09,7667,7667,7667,7667,100,KGM
2017-11-10,7667,7667,7667,7667,0,KGM
2017-11-13,7667,7667,7667,7667,0,KGM
2017-11-14,7667,7667,7667,7667,0,KGM
2017-11-15,7667,7667,7667,7667,0,KGM
2017-11-16,7667,7667,7667,7667,0,KGM
2017-11-17,7667,7667,7667,7667,0,KGM
2017-11-20,7667,7667,7667,7667,0,KGM
2017-11-21,7667,7667,7667,7667,0,KGM
2017-11-22,7667,7667,7667,7667,0,KGM
2017-11-23,7667,7667,7667,7667,0,KGM
2017-11-24,7667,7667,7667,7667,0,KGM
2017-11-27,7667,7667,7667,7667,0,KGM
2017-11-28,7667,7667,7667,7667,0,KGM
2017-11-29,6667,6667,6667,6667,2000,KGM
2017-11-30,6667,6667,6667,6667,0,KGM
2017-12-01,6667,6667,6667,6667,0,KGM
2017-12-04,6667,6667,6667,6667,0,KGM
2017-12-05,6667,6667,6667,6667,0,KGM
2017-12-06,6667,6667,6667,6667,0,KGM
2017-12-07,6667,6667,6667,6667,0,KGM
2017-12-08,6667,6667,6667,6667,0,KGM
2017-12-11,6667,6667,6667,6667,0,KGM
2017-12-12,6667,6667,6667,6667,0,KGM
2017-12-13,6667,6667,6667,6667,0,KGM
2017-12-14,6667,6667,6667,6667,0,KGM
2017-12-15,6667,6667,6667,6667,0,KGM
2017-12-18,6667,6667,6667,6667,0,KGM
2017-12-19,6667,6667,6667,6667,0,KGM
2017-12-20,6667,6667,6667,6667,0,KGM
2017-12-21,6667,6667,6667,6667,0,KGM
2017-12-22,6667,6667,6667,6667,0,KGM
2017-12-25,6667,6667,6667,6667,0,KGM
2017-12-26,6667,6667,6667,6667,0,KGM
2017-12-27,6667,6667,6667,6667,0,KGM
2017-12-28,6667,6667,6667,6667,0,KGM
2017-12-29,6667,6667,6667,6667,0,KGM
2018-01-02,6667,6667,6667,6667,0,KGM
2018-01-03,6667,6667,6667,6667,0,KGM
2018-01-04,6667,6667,6667,6667,0,KGM
2018-01-05,6667,6667,6667,6667,0,KGM
2018-01-08,6667,6667,6667,6667,0,KGM
2018-01-09,6667,6667,6667,6667,0,KGM
2018-01-10,6667,6667,6667,6667,0,KGM
2018-01-11,6667,6667,6667,6667,0,KGM
2018-01-12,6667,6667,6667,6667,2600,KGM
2018-01-15,6667,6667,6667,6667,0,KGM
2018-01-16,6667,6667,6667,6667,0,KGM
2018-01-17,6667,6667,6667,6667,0,KGM
2018-01-18,6667,6667,6667,6667,0,KGM
2018-01-19,6667,6667,6667,6667,0,KGM
2018-01-22,6667,6667,6667,6667,0,KGM
2018-01-23,6667,6667,6667,6667,0,KGM
2018-01-24,6667,6667,6667,6667,0,KGM
2018-01-25,6667,6667,6667,6667,0,KGM
2018-01-26,6667,6667,6667,6667,0,KGM
2018-01-29,6667,6667,6667,6667,0,KGM
2018-01-30,6667,6667,6667,6667,0,KGM
2018-01-31,6667,6667,6667,6667,1000,KGM
2018-02-01,6667,6667,6667,6667,0,KGM
2018-02-02,6667,6667,6667,6667,0,KGM
2018-02-05,6667,6667,6667,6667,1000,KGM
2018-02-06,6667,6667,6667,6667,0,KGM
2018-02-07,6667,6667,6667,6667,0,KGM
2018-02-08,6667,6667,6667,6667,0,KGM
2018-02-09,6667,6667,6667,6667,0,KGM
2018-02-12,6667,6667,6667,6667,0,KGM
2018-02-13,6667,6667,6667,6667,0,KGM
2018-02-21,6667,6667,6667,6667,0,KGM
2018-02-22,6667,6667,6667,6667,0,KGM
2018-02-23,6667,6667,6667,6667,0,KGM
2018-02-26,6667,6667,6667,6667,0,KGM
2018-02-27,6667,6667,6667,6667,0,KGM
2018-02-28,6667,6667,6667,6667,0,KGM
2018-03-01,6667,6667,6667,6667,0,KGM
2018-03-02,6667,6667,6667,6667,0,KGM
2018-03-05,6667,6667,6667,6667,0,KGM
2018-03-06,6667,6667,6667,6667,0,KGM
2018-03-07,6667,6667,6667,6667,0,KGM
2018-03-08,6667,6667,6667,6667,0,KGM
2018-03-09,6667,6667,6667,6667,0,KGM
2018-03-12,6667,6667,6667,6667,0,KGM
2018-03-13,6667,6667,6667,6667,0,KGM
2018-03-14,6667,6667,6667,6667,0,KGM
2018-03-15,6667,6667,6667,6667,0,KGM
2018-03-16,6667,6667,6667,6667,0,KGM
2018-03-19,6667,6667,6667,6667,0,KGM
2018-03-20,6667,6667,6667,6667,0,KGM
2018-03-21,6667,6667,6667,6667,0,KGM
2018-03-22,6667,6667,6667,6667,0,KGM
2018-03-23,6667,6667,6667,6667,0,KGM
2018-03-26,6667,6667,6667,6667,0,KGM
2018-03-27,6667,6667,6667,6667,0,KGM
2018-03-28,6667,6667,6667,6667,0,KGM
2018-03-29,6667,6667,6667,6667,0,KGM
2018-03-30,6667,6667,6667,6667,0,KGM
2018-04-02,6667,6667,6667,6667,0,KGM
2018-04-03,6667,6667,6667,6667,0,KGM
2018-04-04,6667,6667,6667,6667,0,KGM
2018-04-05,6667,6667,6667,6667,0,KGM
2018-04-06,6667,6667,6667,6667,0,KGM
2018-04-09,6667,6667,6667,6667,0,KGM
2018-04-10,6667,6667,6667,6667,0,KGM
2018-04-11,6667,6667,6667,6667,0,KGM
2018-04-12,6667,6667,6667,6667,0,KGM
2018-04-13,4200,4200,4000,4000,2500,KGM
2018-04-16,4133,4133,4133,4133,0,KGM
2018-04-17,4133,4133,4133,4133,0,KGM
2018-04-18,4133,4133,4133,4133,0,KGM
2018-04-19,4133,4133,4133,4133,0,KGM
2018-04-20,4133,4133,4133,4133,0,KGM
2018-04-23,4133,4133,4133,4133,0,KGM
2018-04-24,4133,4133,4133,4133,0,KGM
2018-04-26,4133,4133,4133,4133,0,KGM
2018-04-27,4133,4133,4133,4133,0,KGM
2018-05-02,4133,4133,4133,4133,0,KGM
2018-05-03,4133,4133,4133,4133,0,KGM
2018-05-04,4133,4133,4133,4133,0,KGM
2018-05-07,4133,4133,4133,4133,0,KGM
2018-05-08,4133,4133,4133,4133,0,KGM
2018-05-09,4133,4133,4133,4133,0,KGM
2018-05-10,4133,4133,4133,4133,0,KGM
2018-05-11,4133,4133,4133,4133,0,KGM
2018-05-14,4133,4133,4133,4133,0,KGM
2018-05-15,4133,4133,4133,4133,0,KGM
2018-05-16,4133,4133,4133,4133,0,KGM
2018-05-17,4133,4133,4133,4133,0,KGM
2018-05-18,4133,4133,4133,4133,0,KGM
2018-05-21,4133,4133,4133,4133,0,KGM
2018-05-22,4133,4133,4133,4133,0,KGM
2018-05-23,4133,4133,4133,4133,0,KGM
2018-05-24,4133,4133,4133,4133,0,KGM
2018-05-25,4133,4133,4133,4133,0,KGM
2018-05-28,4133,4133,4133,4133,0,KGM
2018-05-29,4133,4133,4133,4133,0,KGM
2018-05-30,4133,4133,4133,4133,0,KGM
2018-05-31,4133,4133,4133,4133,0,KGM
2018-06-01,4133,4133,4133,4133,0,KGM
2018-06-04,4133,4133,4133,4133,0,KGM
2018-06-05,4133,4133,4133,4133,0,KGM
2018-06-06,4133,4133,4133,4133,0,KGM
2018-06-07,4133,4133,4133,4133,0,KGM
2018-06-08,4133,4133,4133,4133,0,KGM
2018-06-11,4133,4133,4133,4133,0,KGM
2018-06-12,4133,4133,4133,4133,0,KGM
2018-06-13,4133,4133,4133,4133,0,KGM
2018-06-14,4133,4133,4133,4133,0,KGM
2018-06-15,4133,4133,4133,4133,0,KGM
2018-06-18,4133,4133,4133,4133,0,KGM
2018-06-19,4133,4133,4133,4133,0,KGM
2018-06-20,4133,4133,4133,4133,0,KGM
2018-06-21,4133,4133,4133,4133,0,KGM
2018-06-22,4133,4133,4133,4133,0,KGM
2018-06-25,4133,4133,4133,4133,0,KGM
2018-06-26,4133,4133,4133,4133,0,KGM
2018-06-27,4133,4133,4133,4133,0,KGM
2018-06-28,4133,4133,4133,4133,0,KGM
2018-06-29,4133,4133,4133,4133,0,KGM
2018-07-02,4133,4133,4133,4133,0,KGM
2018-07-03,4295,4295,4295,4295,100,KGM
2018-07-04,4295,4295,4295,4295,0,KGM
2018-07-05,4295,4295,4295,4295,0,KGM
2018-07-06,4295,4295,4295,4295,0,KGM
2018-07-09,4295,4295,4295,4295,0,KGM
2018-07-10,4295,4295,4295,4295,0,KGM
2018-07-11,4295,4295,4295,4295,0,KGM
2018-07-12,4295,4295,4295,4295,0,KGM
2018-07-13,4295,4295,4295,4295,0,KGM
2018-07-16,4295,4295,4295,4295,0,KGM
2018-07-17,4295,4295,4295,4295,0,KGM
2018-07-18,4295,4295,4295,4295,0,KGM
2018-07-19,4295,4295,4295,4295,0,KGM
2018-07-20,4295,4295,4295,4295,0,KGM
2018-07-23,4295,4295,4295,4295,0,KGM
2018-07-24,4295,4295,4295,4295,0,KGM
2018-07-25,4295,4295,4295,4295,0,KGM
2018-07-26,4295,4295,4295,4295,0,KGM
2018-07-27,4295,4295,4295,4295,0,KGM
2018-07-30,4295,4295,4295,4295,0,KGM
2018-07-31,4295,4295,4295,4295,0,KGM
2018-08-01,4295,4295,4295,4295,0,KGM
2018-08-02,4295,4295,4295,4295,0,KGM
2018-08-03,4295,4295,4295,4295,0,KGM
2018-08-06,4295,4295,4295,4295,0,KGM
2018-08-07,4295,4295,4295,4295,0,KGM
2018-08-08,4295,4295,4295,4295,0,KGM
2018-08-09,4295,4295,4295,4295,0,KGM
2018-08-10,4295,4295,4295,4295,3000,KGM
2018-08-13,4295,4295,4295,4295,0,KGM
2018-08-14,4295,4295,4295,4295,0,KGM
2018-08-15,4295,4295,4295,4295,0,KGM
2018-08-16,4295,4295,4295,4295,0,KGM
2018-08-17,4295,4295,4295,4295,0,KGM
2018-08-20,4295,4295,4295,4295,0,KGM
2018-08-21,4295,4295,4295,4295,0,KGM
2018-08-22,4295,4295,4295,4295,0,KGM
2018-08-23,4295,4295,4295,4295,3400,KGM
2018-08-24,4295,4295,4295,4295,0,KGM
2018-08-27,4295,4295,4295,4295,0,KGM
2018-08-28,4295,4295,4295,4295,0,KGM
2018-08-29,4295,4295,4295,4295,0,KGM
2018-08-30,4295,4295,4295,4295,0,KGM
2018-08-31,4295,4295,4295,4295,0,KGM
2018-09-04,4295,4295,4295,4295,0,KGM
2018-09-05,4295,4295,4295,4295,0,KGM
2018-09-06,4295,4295,4295,4295,0,KGM
2018-09-07,4295,4295,4295,4295,0,KGM
2018-09-10,4295,4295,4295,4295,0,KGM
2018-09-11,4295,4295,4295,4295,0,KGM
2018-09-12,4295,4295,4295,4295,0,KGM
2018-09-13,4295,4295,4295,4295,0,KGM
2018-09-14,4295,4295,4295,4295,0,KGM
2018-09-17,4295,4295,4295,4295,0,KGM
2018-09-18,4295,4295,4295,4295,0,KGM
2018-09-19,4295,4295,4295,4295,0,KGM
2018-09-20,4295,4295,4295,4295,0,KGM
2018-09-21,4295,4295,4295,4295,0,KGM
2018-09-24,4295,4295,4295,4295,0,KGM
2018-09-25,4295,4295,4295,4295,0,KGM
2018-09-26,4295,4295,4295,4295,0,KGM
2018-09-27,4295,4295,4295,4295,0,KGM
2018-09-28,4295,4295,4295,4295,0,KGM
2018-10-01,4295,4295,4295,4295,0,KGM
2018-10-02,4295,4295,4295,4295,0,KGM
2018-10-03,4295,4295,4295,4295,0,KGM
2018-10-04,4295,4295,4295,4295,0,KGM
2018-10-05,4295,4295,4295,4295,0,KGM
2018-10-08,4295,4295,4295,4295,0,KGM
2018-10-09,4295,4295,4295,4295,0,KGM
2018-10-10,4295,4295,4295,4295,0,KGM
2018-10-11,4295,4295,4295,4295,0,KGM
2018-10-12,4295,4295,4295,4295,0,KGM
2018-10-15,4295,4295,4295,4295,0,KGM
2018-10-16,4295,4295,4295,4295,0,KGM
2018-10-17,4295,4295,4295,4295,0,KGM
2018-10-18,4295,4295,4295,4295,0,KGM
2018-10-19,4295,4295,4295,4295,0,KGM
2018-10-22,4295,4295,4295,4295,0,KGM
2018-10-23,4295,4295,4295,4295,0,KGM
2018-10-24,4295,4295,4295,4295,0,KGM
2018-10-25,4295,4295,4295,4295,0,KGM
2018-10-26,4295,4295,4295,4295,0,KGM
2018-10-29,4295,4295,4295,4295,0,KGM
2018-10-30,4295,4295,4295,4295,0,KGM
2018-10-31,4295,4295,4295,4295,0,KGM
2018-11-01,4295,4295,4295,4295,0,KGM
2018-11-02,4295,4295,4295,4295,0,KGM
2018-11-05,4295,4295,4295,4295,0,KGM
2018-11-06,4295,4295,4295,4295,0,KGM
2018-11-07,4295,4295,4295,4295,0,KGM
2018-11-08,4295,4295,4295,4295,0,KGM
2018-11-09,4295,4295,4295,4295,0,KGM
2018-11-12,4295,4295,4295,4295,0,KGM
2018-11-13,4295,4295,4295,4295,0,KGM
2018-11-14,4295,4295,4295,4295,0,KGM
2018-11-15,4295,4295,4295,4295,0,KGM
2018-11-16,4295,4295,4295,4295,0,KGM
2018-11-19,4295,4295,4295,4295,0,KGM
2018-11-20,4295,4295,4295,4295,0,KGM
2018-11-21,4295,4295,4295,4295,0,KGM
2018-11-22,4295,4295,4295,4295,0,KGM
2018-11-23,4295,4295,4295,4295,0,KGM
2018-11-26,4295,4295,4295,4295,0,KGM
2018-11-27,4295,4295,4295,4295,0,KGM
2018-11-28,4295,4295,4295,4295,0,KGM
2018-11-29,4295,4295,4295,4295,0,KGM
2018-11-30,4295,4295,4295,4295,0,KGM
2018-12-03,4295,4295,4295,4295,0,KGM
2018-12-04,4295,4295,4295,4295,0,KGM
2018-12-05,4295,4295,4295,4295,0,KGM
2018-12-06,4295,4295,4295,4295,0,KGM
2018-12-07,4295,4295,4295,4295,0,KGM
2018-12-10,4295,4295,4295,4295,0,KGM
2018-12-11,5997,5997,5997,5997,600,KGM
2018-12-12,5997,5997,5997,5997,0,KGM
2018-12-13,5997,5997,5997,5997,0,KGM
2018-12-14,5997,5997,5997,5997,0,KGM
2018-12-17,5997,5997,5997,5997,0,KGM
2018-12-18,5997,5997,5997,5997,0,KGM
2018-12-19,6078,6078,6078,6078,2300,KGM
2018-12-20,6970,6970,6970,6970,100,KGM
2018-12-21,7862,7862,7862,7862,100,KGM
2018-12-24,7862,7862,7862,7862,0,KGM
2018-12-25,8996,8996,8996,8996,100,KGM
2018-12-26,8996,8996,8996,8996,0,KGM
2018-12-27,8996,8996,8996,8996,0,KGM
2018-12-28,8996,8996,8996,8996,0,KGM
2019-01-02,8996,8996,8996,8996,0,KGM
2019-01-03,8996,8996,8996,8996,0,KGM
2019-01-04,8996,8996,8996,8996,0,KGM
2019-01-07,8996,8996,8996,8996,0,KGM
2019-01-08,8996,8996,8996,8996,0,KGM
2019-01-09,8996,8996,8996,8996,0,KGM
2019-01-10,8996,8996,8996,8996,0,KGM
2019-01-11,8996,8996,8996,8996,0,KGM
2019-01-14,8996,8996,8996,8996,0,KGM
2019-01-15,8996,8996,8996,8996,0,KGM
2019-01-16,8996,8996,8996,8996,0,KGM
2019-01-17,8996,8996,8996,8996,0,KGM
2019-01-18,8996,8996,8996,8996,0,KGM
2019-01-21,8996,8996,8996,8996,0,KGM
2019-01-22,8996,8996,8996,8996,0,KGM
2019-01-23,8996,8996,8996,8996,0,KGM
2019-01-24,8996,8996,8996,8996,0,KGM
2019-01-25,8996,8996,8996,8996,0,KGM
2019-01-28,8996,8996,8996,8996,0,KGM
2019-01-29,9888,9888,9888,9888,100,KGM
2019-01-30,9888,9888,9888,9888,0,KGM
2019-01-31,9888,9888,9888,9888,0,KGM
2019-02-01,9888,9888,9888,9888,0,KGM
2019-02-11,9888,9888,9888,9888,0,KGM
2019-02-12,9888,9888,9888,9888,0,KGM
2019-02-13,9888,9888,9888,9888,0,KGM
2019-02-14,9888,9888,9888,9888,0,KGM
2019-02-15,9888,9888,9888,9888,0,KGM
2019-02-18,9888,9888,9888,9888,0,KGM
2019-02-19,9888,9888,9888,9888,0,KGM
2019-02-20,9888,9888,9888,9888,0,KGM
2019-02-21,9888,9888,9888,9888,0,KGM
2019-02-22,9888,9888,9888,9888,0,KGM
2019-02-25,9888,9888,9888,9888,0,KGM
2019-02-26,9888,9888,9888,9888,0,KGM
2019-02-27,8672,8672,8672,8672,1000,KGM
2019-02-28,8672,8672,8672,8672,0,KGM
2019-03-01,8672,8672,8672,8672,0,KGM
2019-03-04,8672,8672,8672,8672,0,KGM
2019-03-05,8672,8672,8672,8672,0,KGM
2019-03-06,8672,8672,8672,8672,0,KGM
2019-03-07,8672,8672,8672,8672,0,KGM
2019-03-08,8672,8672,8672,8672,0,KGM
2019-03-11,8672,8672,8672,8672,0,KGM
2019-03-12,8672,8672,8672,8672,0,KGM
2019-03-13,8672,8672,8672,8672,0,KGM
2019-03-14,8672,8672,8672,8672,0,KGM
2019-03-15,8672,8672,8672,8672,0,KGM
2019-03-18,8672,8672,8672,8672,0,KGM
2019-03-19,8672,8672,8672,8672,0,KGM
2019-03-20,8672,8672,8672,8672,0,KGM
2019-03-21,7375,7375,7375,7375,200,KGM
2019-03-22,7375,7375,7375,7375,0,KGM
2019-03-25,6322,6322,6322,6322,1000,KGM
2019-03-26,6322,6322,6322,6322,0,KGM
2019-03-27,6322,6322,6322,6322,0,KGM
2019-03-28,6322,6322,6322,6322,0,KGM
2019-03-29,6322,6322,6322,6322,0,KGM
2019-04-01,6322,6322,6322,6322,0,KGM
2019-04-02,6322,6322,6322,6322,0,KGM
2019-04-03,6322,6322,6322,6322,0,KGM
2019-04-04,6322,6322,6322,6322,0,KGM
2019-04-05,6322,6322,6322,6322,0,KGM
2019-04-08,6322,6322,6322,6322,0,KGM
2019-04-09,6241,6241,5754,5754,1240,KGM
2019-04-10,5835,5835,5835,5835,0,KGM
2019-04-11,5835,5835,5835,5835,0,KGM
2019-04-12,5835,5835,5835,5835,0,KGM
2019-04-16,5835,5835,5835,5835,0,KGM
2019-04-17,5835,5835,5835,5835,0,KGM
2019-04-18,5835,5835,5835,5835,0,KGM
2019-04-19,6078,6078,6078,6078,1000,KGM
2019-04-22,6078,6078,6078,6078,0,KGM
2019-04-23,6078,6078,6078,6078,0,KGM
2019-04-24,6078,6078,6078,6078,0,KGM
2019-04-25,6078,6078,6078,6078,0,KGM
2019-04-26,6078,6078,6078,6078,0,KGM
2019-05-02,6078,6078,6078,6078,0,KGM
2019-05-03,6078,6078,6078,6078,0,KGM
2019-05-06,6078,6078,6078,6078,0,KGM
2019-05-07,6078,6078,6078,6078,0,KGM
2019-05-08,6078,6078,6078,6078,0,KGM
2019-05-09,6078,6078,6078,6078,0,KGM
2019-05-10,6078,6078,6078,6078,0,KGM
2019-05-13,6078,6078,6078,6078,0,KGM
2019-05-14,6078,6078,6078,6078,0,KGM
2019-05-15,6078,6078,6078,6078,0,KGM
2019-05-16,6078,6078,6078,6078,0,KGM
2019-05-17,6078,6078,6078,6078,0,KGM
2019-05-20,6078,6078,6078,6078,0,KGM
2019-05-21,6078,6078,6078,6078,0,KGM
2019-05-22,6078,6078,6078,6078,0,KGM
2019-05-23,6078,6078,6078,6078,0,KGM
2019-05-24,6078,6078,6078,6078,0,KGM
2019-05-27,6970,6970,6970,6970,200,KGM
2019-05-28,6970,6970,6970,6970,0,KGM
2019-05-29,6970,6970,6970,6970,0,KGM
2019-05-30,6970,6970,6970,6970,0,KGM
2019-05-31,6970,6970,6970,6970,0,KGM
2019-06-03,6970,6970,6970,6970,0,KGM
2019-06-04,6970,6970,6970,6970,0,KGM
2019-06-05,6970,6970,6970,6970,0,KGM
2019-06-06,6970,6970,6970,6970,0,KGM
2019-06-07,6970,6970,6970,6970,0,KGM
2019-06-10,6970,6970,6970,6970,0,KGM
2019-06-11,6970,6970,6970,6970,0,KGM
2019-06-12,6970,6970,6970,6970,0,KGM
2019-06-13,6970,6970,6970,6970,0,KGM
2019-06-14,6970,6970,6970,6970,0,KGM
2019-06-17,6970,6970,6970,6970,0,KGM
2019-06-18,6970,6970,6970,6970,0,KGM
2019-06-19,6970,6970,6970,6970,0,KGM
2019-06-20,6970,6970,6970,6970,0,KGM
2019-06-21,6970,6970,6970,6970,0,KGM
2019-06-24,6970,6970,6970,6970,0,KGM
2019-06-25,6970,6970,6970,6970,0,KGM
2019-06-26,6970,6970,6970,6970,0,KGM
2019-06-27,6970,6970,6970,6970,0,KGM
2019-06-28,6646,6646,6646,6646,100,KGM
2019-07-01,6646,6646,6646,6646,0,KGM
2019-07-02,6646,6646,6646,6646,0,KGM
2019-07-03,6646,6646,6646,6646,0,KGM
2019-07-04,6646,6646,6646,6646,0,KGM
2019-07-05,6646,6646,6646,6646,0,KGM
2019-07-08,6646,6646,6646,6646,0,KGM
2019-07-09,6646,6646,6646,6646,0,KGM
2019-07-10,6646,6646,6646,6646,0,KGM
2019-07-11,6646,6646,6646,6646,0,KGM
2019-07-12,6646,6646,6646,6646,0,KGM
2019-07-15,6646,6646,6646,6646,0,KGM
2019-07-16,6646,6646,6646,6646,0,KGM
2019-07-17,6646,6646,6646,6646,0,KGM
2019-07-18,6646,6646,6646,6646,0,KGM
2019-07-19,6646,6646,6646,6646,0,KGM
2019-07-22,6646,6646,6646,6646,0,KGM
2019-07-23,6646,6646,6646,6646,0,KGM
2019-07-24,6646,6646,6646,6646,0,KGM
2019-07-25,6646,6646,6646,6646,0,KGM
2019-07-26,6646,6646,6646,6646,0,KGM
2019-07-29,6646,6646,6646,6646,0,KGM
2019-07-30,6646,6646,6646,6646,0,KGM
2019-07-31,6646,6646,6646,6646,0,KGM
2019-08-01,6646,6646,6646,6646,0,KGM
2019-08-02,6646,6646,6646,6646,0,KGM
2019-08-05,6646,6646,6646,6646,0,KGM
2019-08-06,6646,6646,6646,6646,0,KGM
2019-08-07,5869,5869,5869,5869,1200,KGM
2019-08-08,5869,5869,5869,5869,60,KGM
2019-08-09,5869,5869,5869,5869,0,KGM
2019-08-12,5869,5869,5869,5869,0,KGM
2019-08-13,5869,5869,5869,5869,0,KGM
2019-08-14,5869,5869,5869,5869,0,KGM
2019-08-15,5869,5869,5869,5869,0,KGM
2019-08-16,5869,5869,5869,5869,0,KGM
2019-08-19,5869,5869,5869,5869,0,KGM
2019-08-20,5869,5869,5869,5869,0,KGM
2019-08-21,5869,5869,5869,5869,0,KGM
2019-08-22,5869,5869,5869,5869,0,KGM
2019-08-23,5869,5869,5869,5869,0,KGM
2019-08-26,5869,5869,5869,5869,0,KGM
2019-08-27,5869,5869,5869,5869,0,KGM
2019-08-28,5869,5869,5869,5869,0,KGM
2019-08-29,5869,5869,5869,5869,0,KGM
2019-08-30,5869,5869,5869,5869,0,KGM
2019-09-03,5869,5869,5869,5869,0,KGM
2019-09-04,5869,5869,5869,5869,0,KGM
2019-09-05,5869,5869,5869,5869,0,KGM
2019-09-06,5869,5869,5869,5869,0,KGM
2019-09-09,5869,5869,5869,5869,0,KGM
2019-09-10,5869,5869,5869,5869,0,KGM
2019-09-11,5869,5869,5869,5869,0,KGM
2019-09-12,5869,5869,5869,5869,0,KGM
2019-09-13,5869,5869,5869,5869,0,KGM
2019-09-16,5869,5869,5869,5869,0,KGM
2019-09-17,5869,5869,5869,5869,0,KGM
2019-09-18,5869,5869,5869,5869,0,KGM
2019-09-19,5869,5869,5869,5869,0,KGM
2019-09-20,5869,5869,5869,5869,0,KGM
2019-09-23,5869,5869,5869,5869,0,KGM
2019-09-24,5869,5869,5869,5869,0,KGM
2019-09-25,5869,5869,5869,5869,0,KGM
2019-09-26,5869,5869,5869,5869,0,KGM
2019-09-27,8200,8200,8200,8200,100,KGM
2019-09-30,8200,8200,8200,8200,0,KGM
2019-10-01,8200,8200,8200,8200,0,KGM
2019-10-02,8200,8200,8200,8200,0,KGM
2019-10-03,8200,8200,8200,8200,0,KGM
2019-10-04,8200,8200,8200,8200,0,KGM
2019-10-07,8200,8200,8200,8200,0,KGM
2019-10-08,8200,8200,8200,8200,0,KGM
2019-10-09,8200,8200,8200,8200,0,KGM
2019-10-10,8200,8200,8200,8200,0,KGM
2019-10-11,8200,8200,8200,8200,0,KGM
2019-10-14,8200,8200,8200,8200,0,KGM
2019-10-15,8200,8200,8200,8200,0,KGM
2019-10-16,8200,8200,8200,8200,0,KGM
2019-10-17,8200,8200,8200,8200,0,KGM
2019-10-18,8200,8200,8200,8200,0,KGM
2019-10-21,8200,8200,8200,8200,0,KGM
2019-10-22,8200,8200,8200,8200,0,KGM
2019-10-23,8200,8200,8200,8200,0,KGM
2019-10-24,8200,8200,8200,8200,0,KGM
2019-10-25,8200,8200,8200,8200,0,KGM
2019-10-28,8200,8200,8200,8200,0,KGM
2019-10-29,8200,8200,8200,8200,0,KGM
2019-10-30,8200,8200,8200,8200,0,KGM
2019-10-31,8200,8200,8200,8200,0,KGM
2019-11-01,8200,8200,8200,8200,0,KGM
2019-11-04,8200,8200,8200,8200,0,KGM
2019-11-05,8200,8200,8200,8200,0,KGM
2019-11-06,8200,8200,8200,8200,0,KGM
2019-11-07,8200,8200,8200,8200,0,KGM
2019-11-08,8200,8200,8200,8200,0,KGM
2019-11-11,8200,8200,8200,8200,0,KGM
2019-11-12,8200,8200,8200,8200,0,KGM
2019-11-13,8200,8200,8200,8200,0,KGM
2019-11-14,8200,8200,8200,8200,0,KGM
2019-11-15,11480,11480,11480,11480,100,KGM
2019-11-18,11480,11480,11480,11480,0,KGM
2019-11-19,11480,11480,11480,11480,0,KGM
2019-11-20,11480,11480,11480,11480,0,KGM
2019-11-21,11480,11480,11480,11480,0,KGM
2019-11-22,11480,11480,11480,11480,0,KGM
2019-11-25,11480,11480,11480,11480,0,KGM
2019-11-26,11480,11480,11480,11480,0,KGM
2019-11-27,11480,11480,11480,11480,0,KGM
2019-11-28,11480,11480,11480,11480,0,KGM
2019-11-29,11480,11480,11480,11480,0,KGM
2019-12-02,11480,11480,11480,11480,0,KGM
2019-12-03,11480,11480,11480,11480,0,KGM
2019-12-04,11480,11480,11480,11480,0,KGM
2019-12-05,11480,11480,11480,11480,0,KGM
2019-12-06,11480,11480,11480,11480,0,KGM
2019-12-09,11480,11480,11480,11480,0,KGM
2019-12-10,11480,11480,11480,11480,0,KGM
2019-12-11,11480,11480,11480,11480,0,KGM
2019-12-12,11480,11480,11480,11480,0,KGM
2019-12-13,11480,11480,11480,11480,0,KGM
2019-12-16,11480,11480,11480,11480,0,KGM
2019-12-17,11480,11480,11480,11480,0,KGM
2019-12-18,11480,11480,11480,11480,0,KGM
2019-12-19,11480,11480,11480,11480,0,KGM
2019-12-20,11480,11480,11480,11480,0,KGM
2019-12-23,11480,11480,11480,11480,0,KGM
2019-12-24,11480,11480,11480,11480,0,KGM
2019-12-25,11480,11480,11480,11480,0,KGM
2019-12-26,11480,11480,11480,11480,0,KGM
2019-12-27,11480,11480,11480,11480,0,KGM
2019-12-30,11480,11480,11480,11480,0,KGM
2019-12-31,11480,11480,11480,11480,0,KGM
2020-01-02,11480,11480,11480,11480,0,KGM
2020-01-03,11480,11480,11480,11480,0,KGM
2020-01-06,11480,11480,11480,6905,100,KGM
2020-01-07,6905,6905,6905,6905,0,KGM
2020-01-08,6905,6905,6905,6905,0,KGM
2020-01-09,6905,6905,6905,6905,0,KGM
2020-01-10,6905,6905,6905,6905,0,KGM
2020-01-13,6905,6905,6905,6905,0,KGM
2020-01-14,6905,6905,6905,6905,0,KGM
2020-01-15,6905,6905,6905,6905,0,KGM
2020-01-16,6905,6905,6905,6905,0,KGM
2020-01-17,6905,6905,6905,6905,0,KGM
2020-01-20,6905,6905,6905,6905,0,KGM
2020-01-21,6905,6905,6905,6905,0,KGM
2020-01-22,6905,6905,6905,6905,0,KGM
2020-01-30,6905,6905,6905,6905,0,KGM
2020-01-31,6905,6905,6905,6905,0,KGM
2020-02-03,6905,6905,6905,6905,0,KGM
2020-02-04,6905,6905,6905,6905,0,KGM
2020-02-05,6905,6905,6905,6905,0,KGM
2020-02-06,6905,6905,6905,6905,0,KGM
2020-02-07,6905,6905,6905,6905,0,KGM
2020-02-10,6905,6905,6905,6905,0,KGM
2020-02-11,6905,6905,6905,6905,0,KGM
2020-02-12,6905,6905,6905,6905,0,KGM
2020-02-13,6905,6905,6905,6905,0,KGM
2020-02-14,6905,6905,6905,6905,0,KGM
2020-02-17,6905,6905,6905,6905,0,KGM
2020-02-18,6905,6905,6905,6905,0,KGM
2020-02-19,6905,6905,6905,6905,0,KGM
2020-02-20,6905,6905,6905,6905,0,KGM
2020-02-21,6905,6905,6905,6905,0,KGM
2020-02-24,6905,6905,6905,6905,0,KGM
2020-02-25,6905,6905,6905,6905,0,KGM
2020-02-26,6905,6905,6905,6905,0,KGM
2020-02-27,6905,6905,6905,6905,0,KGM
2020-02-28,6905,6905,6905,6905,0,KGM
2020-03-02,6905,6905,6905,6905,0,KGM
2020-03-03,6905,6905,6905,6905,0,KGM
2020-03-04,6905,6905,6905,6905,0,KGM
2020-03-05,6905,6905,6905,6905,0,KGM
2020-03-06,6905,6905,6905,6905,0,KGM
2020-03-09,6905,6905,6905,6905,0,KGM
2020-03-10,6905,6905,6905,6905,0,KGM
2020-03-11,6905,6905,6905,6905,0,KGM
2020-03-12,6905,6905,6905,6905,0,KGM
2020-03-13,6905,6905,6905,6905,0,KGM
2020-03-16,6905,6905,6905,6905,0,KGM
2020-03-17,6905,6905,6905,6905,0,KGM
2020-03-18,6905,6905,6905,6905,0,KGM
2020-03-19,6905,6905,6905,6905,0,KGM
2020-03-20,6905,6905,6905,6905,0,KGM
2020-03-23,6905,6905,6905,6905,0,KGM
2020-03-24,6905,6905,6905,6905,0,KGM
2020-03-25,5178,5178,4143,4143,700,KGM
2020-03-26,4315,4315,4315,4315,300,KGM
2020-03-27,4315,4315,4315,4315,0,KGM
2020-03-30,4315,4315,4315,4315,0,KGM
2020-03-31,4315,4315,4315,4315,0,KGM
2020-04-01,4315,4315,4315,4315,0,KGM
2020-04-03,4315,4315,4315,4315,0,KGM
2020-04-06,3711,3711,3711,3711,2100,KGM
2020-04-07,3280,3280,3280,3280,100,KGM
2020-04-08,3280,3280,3280,3280,0,KGM
2020-04-09,3280,3280,3280,3280,0,KGM
2020-04-10,3280,3280,3280,3280,0,KGM
2020-04-13,3280,3280,3280,3280,0,KGM
2020-04-14,3280,3280,3280,3280,0,KGM
2020-04-15,3711,3711,3711,3711,100,KGM
2020-04-16,4229,4229,4229,4229,2000,KGM
2020-04-17,4833,4833,4833,4833,200,KGM
2020-04-20,4833,4833,4833,4833,0,KGM
2020-04-21,4833,4833,4833,4833,0,KGM
2020-04-22,4833,4833,4833,4833,0,KGM
2020-04-23,4833,4833,4833,4833,0,KGM
2020-04-24,4833,4833,4833,4833,0,KGM
2020-04-27,4833,4833,4833,4833,0,KGM
2020-04-28,4833,4833,4833,4833,0,KGM
2020-04-29,5437,5437,5437,5437,1800,KGM
2020-05-04,5437,5437,5437,5437,0,KGM
2020-05-05,5437,5437,5437,5437,0,KGM
2020-05-06,5437,5437,5437,5437,0,KGM
2020-05-07,5437,5437,5437,5437,0,KGM
2020-05-08,5437,5437,5437,5437,0,KGM
2020-05-11,5437,5437,5437,5437,0,KGM
2020-05-12,5437,5437,5437,5437,0,KGM
2020-05-13,5437,5437,5437,5437,0,KGM
2020-05-14,5437,5437,5437,5437,0,KGM
2020-05-15,5437,5437,5437,5437,0,KGM
2020-05-18,5437,5437,5437,5437,0,KGM
2020-05-19,5437,5437,5437,5437,0,KGM
2020-05-20,5437,5437,5437,5437,0,KGM
2020-05-21,5437,5437,5437,5437,0,KGM
2020-05-22,5437,5437,5437,5437,0,KGM
2020-05-25,4661,4661,4661,4661,200,KGM
2020-05-26,4661,4661,4661,4661,0,KGM
2020-05-27,4661,4661,4661,4661,600,KGM
2020-05-28,4661,4661,4661,4661,0,KGM
2020-05-29,4661,4661,4661,4661,0,KGM
2020-06-01,4661,4661,4661,4661,0,KGM
2020-06-02,4661,4661,4661,4661,0,KGM
2020-06-03,4661,4661,4661,4661,0,KGM
2020-06-04,4661,4661,4661,4661,0,KGM
2020-06-05,4661,4661,4661,4661,0,KGM
2020-06-08,4661,4661,4661,4661,0,KGM
2020-06-09,4661,4661,4661,4661,0,KGM
2020-06-10,4661,4661,4661,4661,0,KGM
2020-06-11,4661,4661,4661,4661,0,KGM
2020-06-12,4661,4661,4661,4661,0,KGM
2020-06-15,4661,4661,4661,4661,0,KGM
2020-06-16,4661,4661,4661,4661,0,KGM
2020-06-17,4661,4661,4661,4661,0,KGM
2020-06-18,4661,4661,4661,4661,0,KGM
2020-06-19,4661,4661,4661,4661,0,KGM
2020-06-22,4661,4661,4661,4661,0,KGM
2020-06-23,4661,4661,4661,4661,0,KGM
2020-06-24,4661,4661,4661,4661,0,KGM
2020-06-25,4661,4661,4661,4661,0,KGM
2020-06-26,4661,4661,4661,4661,0,KGM
2020-06-29,4661,4661,4661,4661,0,KGM
2020-06-30,4661,4661,4661,4661,0,KGM
2020-07-01,4661,4661,4661,4661,0,KGM
2020-07-02,4661,4661,4661,4661,0,KGM
2020-07-03,4661,4661,4661,4661,0,KGM
2020-07-06,4661,4661,4661,4661,0,KGM
2020-07-07,4661,4661,4661,4661,0,KGM
2020-07-08,4661,4661,4661,4661,0,KGM
2020-07-09,4661,4661,4661,4661,0,KGM
2020-07-10,4661,4661,4661,4661,0,KGM
2020-07-13,4661,4661,4661,4661,0,KGM
2020-07-14,4661,4661,4661,4661,0,KGM
2020-07-15,4661,4661,4661,4661,0,KGM
2020-07-16,4661,4661,4661,4661,0,KGM
2020-07-17,4661,4661,4661,4661,0,KGM
2020-07-20,4661,4661,4661,4661,0,KGM
2020-07-21,4661,4661,4661,4661,0,KGM
2020-07-22,4661,4661,4661,4661,0,KGM
2020-07-23,4661,4661,4661,4661,0,KGM
2020-07-24,4661,4661,4661,4661,0,KGM
2020-07-27,4661,4661,4661,4661,0,KGM
2020-07-28,4661,4661,4661,4661,0,KGM
2020-07-29,4661,4661,4661,4661,0,KGM
2020-07-30,4661,4661,4661,4661,0,KGM
2020-07-31,4661,4661,4661,4661,0,KGM
2020-08-03,4661,4661,4661,4661,0,KGM
2020-08-04,4661,4661,4661,4661,0,KGM
2020-08-05,4661,4661,4661,4661,0,KGM
2020-08-06,4661,4661,4661,4661,0,KGM
2020-08-07,4661,4661,4661,4661,0,KGM
2020-08-10,4661,4661,4661,4661,0,KGM
2020-08-11,4661,4661,4661,4661,0,KGM
2020-08-12,4661,4661,4661,4661,0,KGM
2020-08-13,4661,4661,4661,4661,0,KGM
2020-08-14,4661,4661,4661,4661,0,KGM
2020-08-17,4661,4661,4661,4661,0,KGM
2020-08-18,4661,4661,4661,4661,0,KGM
2020-08-19,4661,4661,4661,4661,0,KGM
2020-08-20,4661,4661,4661,4661,0,KGM
2020-08-21,4661,4661,4661,4661,0,KGM
2020-08-24,4661,4661,4661,4661,0,KGM
2020-08-25,4661,4661,4661,4661,0,KGM
2020-08-26,4661,4661,4661,4661,0,KGM
2020-08-27,4661,4661,4661,4661,0,KGM
2020-08-28,4661,4661,4661,4661,0,KGM
2020-08-31,4661,4661,4661,4661,0,KGM
2020-09-01,4661,4661,4661,4661,0,KGM
2020-09-03,4661,4661,4661,4661,0,KGM
2020-09-04,4661,4661,4661,4661,0,KGM
2020-09-07,4661,4661,4661,4661,0,KGM
2020-09-08,4661,4661,4661,4661,0,KGM
2020-09-09,4661,4661,4661,4661,0,KGM
2020-09-10,4661,4661,4661,4661,0,KGM
2020-09-11,4661,4661,4661,4661,0,KGM
2020-09-14,4661,4661,4661,4661,0,KGM
2020-09-15,4661,4661,4661,4661,0,KGM
2020-09-16,4661,4661,4661,4661,0,KGM
2020-09-17,4661,4661,4661,4661,0,KGM
2020-09-18,4661,4661,4661,4661,0,KGM
2020-09-21,4661,4661,4661,4661,0,KGM
2020-09-22,4661,4661,4661,4661,0,KGM
2020-09-23,4661,4661,4661,4661,0,KGM
2020-09-24,4661,4661,4661,4661,0,KGM
2020-09-25,4661,4661,4661,4661,0,KGM
2020-09-28,4661,4661,4661,4661,0,KGM
2020-09-29,4661,4661,4661,4661,0,KGM
2020-09-30,4661,4661,4661,4661,0,KGM
2020-10-01,4661,4661,4661,4661,0,KGM
2020-10-02,4661,4661,4661,4661,0,KGM
2020-10-05,4661,4661,4661,4661,0,KGM
2020-10-06,4661,4661,4661,4661,0,KGM
2020-10-07,4661,4661,4661,4661,0,KGM
2020-10-08,4661,4661,4661,4661,0,KGM
2020-10-09,4661,4661,4661,4661,0,KGM
2020-10-12,4661,4661,4661,4661,0,KGM
2020-10-13,4661,4661,4661,4661,0,KGM
2020-10-14,4661,4661,4661,4661,0,KGM
2020-10-15,4661,4661,4661,4661,0,KGM
2020-10-16,4661,4661,4661,4661,0,KGM
2020-10-19,4661,4661,4661,4661,0,KGM
2020-10-20,6473,6473,6473,6473,200,KGM
2020-10-21,6473,6473,6473,6473,0,KGM
2020-10-22,6473,6473,6473,6473,0,KGM
2020-10-23,6473,6473,6473,6473,48,KGM
2020-10-26,6473,6473,6473,6473,0,KGM
2020-10-27,7423,7423,7423,7423,100,KGM
2020-10-28,7423,7423,7423,7423,0,KGM
2020-10-29,7423,7423,7423,7423,0,KGM
2020-10-30,7423,7423,7423,7423,0,KGM
2020-11-02,7423,7423,7423,7423,0,KGM
2020-11-03,7423,7423,7423,7423,0,KGM
2020-11-04,7423,7423,7423,7423,0,KGM
2020-11-05,7423,7423,7423,7423,0,KGM
2020-11-06,7423,7423,7423,7423,0,KGM
2020-11-09,7423,7423,7423,7423,0,KGM
2020-11-10,6473,6473,6473,6473,500,KGM
2020-11-11,6473,6473,6473,6473,0,KGM
2020-11-12,6473,6473,6473,6473,0,KGM
2020-11-13,6473,6473,6473,6473,0,KGM
2020-11-16,6473,6473,6473,6473,0,KGM
2020-11-17,6473,6473,6473,6473,0,KGM
2020-11-18,6473,6473,6473,6473,0,KGM
2020-11-19,6473,6473,6473,6473,0,KGM
2020-11-20,6473,6473,6473,6473,0,KGM
2020-11-23,6473,6473,6473,6473,0,KGM
2020-11-24,6473,6473,6473,6473,0,KGM
2020-11-25,6473,6473,6473,6473,0,KGM
2020-11-26,6473,6473,6473,6473,0,KGM
2020-11-27,6473,6473,6473,6473,0,KGM
2020-11-30,6473,6473,6473,6473,0,KGM
2020-12-01,6473,6473,6473,6473,0,KGM
2020-12-02,6473,6473,6473,6473,0,KGM
2020-12-03,6473,6473,6473,6473,0,KGM
2020-12-04,6473,6473,6473,6473,0,KGM
2020-12-07,6473,6473,6473,6473,0,KGM
2020-12-08,7164,7164,7164,7164,100,KGM
2020-12-09,7164,7164,7164,7164,0,KGM
2020-12-10,7164,7164,7164,7164,0,KGM
2020-12-11,7164,7164,7164,7164,0,KGM
2020-12-14,7164,7164,7164,7164,0,KGM
2020-12-15,7164,7164,7164,7164,0,KGM
2020-12-16,7164,7164,7164,7164,0,KGM
2020-12-17,7164,7164,7164,7164,0,KGM
2020-12-18,7164,7164,7164,7164,0,KGM
2020-12-21,7164,7164,7164,7164,0,KGM
2020-12-22,7164,7164,7164,7164,0,KGM
2020-12-23,7164,7164,7164,7164,0,KGM
2020-12-24,7164,7164,7164,7164,0,KGM
2020-12-25,7164,7164,7164,7164,0,KGM
2020-12-28,7164,7164,7164,7164,0,KGM
2020-12-29,7164,7164,7164,7164,0,KGM
2020-12-30,7164,7164,7164,7164,0,KGM
2020-12-31,7164,7164,7164,7164,0,KGM
2021-01-04,7164,7164,7164,7164,0,KGM
2021-01-05,7164,7164,7164,7164,0,KGM
2021-01-06,7164,7164,7164,7164,0,KGM
2021-01-07,7768,7768,7768,7768,200,KGM
2021-01-08,7768,7768,7768,7768,0,KGM
2021-01-11,7768,7768,7768,7768,0,KGM
2021-01-12,7768,7768,7768,7768,0,KGM
2021-01-13,7768,7768,7768,7768,0,KGM
2021-01-14,6905,6905,6905,6905,100,KGM
2021-01-15,6905,6905,6905,6905,0,KGM
2021-01-18,7768,7768,7768,7768,300,KGM
2021-01-19,7768,7768,7768,7768,0,KGM
2021-01-20,7768,7768,7768,7768,0,KGM
2021-01-21,7768,7768,7768,7768,0,KGM
2021-01-22,7768,7768,7768,7768,0,KGM
2021-01-25,7768,7768,7768,7768,0,KGM
2021-01-26,7768,7768,7768,7768,0,KGM
2021-01-27,7768,7768,7768,7768,0,KGM
2021-01-28,7768,7768,7768,7768,0,KGM
2021-01-29,7768,7768,7768,7768,0,KGM
2021-02-01,7768,7768,7768,7768,0,KGM
2021-02-02,7768,7768,7768,7768,0,KGM
2021-02-03,7768,7768,7768,7768,0,KGM
2021-02-04,7768,7768,7768,7768,0,KGM
2021-02-05,7768,7768,7768,7768,0,KGM
2021-02-08,7768,7768,7768,7768,0,KGM
2021-02-09,7768,7768,7768,7768,0,KGM
2021-02-17,7768,7768,7768,7768,0,KGM
2021-02-18,7768,7768,7768,7768,0,KGM
2021-02-19,7768,7768,7768,7768,0,KGM
2021-02-22,7768,7768,7768,7768,0,KGM
2021-02-23,7768,7768,7768,7768,0,KGM
2021-02-24,7768,7768,7768,7768,0,KGM
2021-02-25,7768,7768,7768,7768,0,KGM
2021-02-26,7768,7768,7768,7768,0,KGM
2021-03-01,7768,7768,7768,7768,0,KGM
2021-03-02,7768,7768,7768,7768,0,KGM
2021-03-03,7768,7768,7768,7768,0,KGM
2021-03-04,10875,10875,10875,10875,100,KGM
2021-03-05,10875,10875,10875,10875,100,KGM
2021-03-08,10875,10875,10875,10875,0,KGM
2021-03-09,10875,10875,10875,10875,0,KGM
2021-03-10,10875,10875,10875,10875,20,KGM
2021-03-11,10875,10875,10875,10875,0,KGM
2021-03-12,10875,10875,10875,10875,0,KGM
2021-03-15,9322,9322,9322,9322,1200,KGM
2021-03-16,9322,9322,9322,9322,0,KGM
2021-03-17,9322,9322,9322,9322,0,KGM
2021-03-18,9322,9322,9322,9322,0,KGM
2021-03-19,9322,9322,9322,9322,0,KGM
2021-03-22,9322,9322,9322,9322,0,KGM
2021-03-23,7941,7941,7941,7941,300,KGM
2021-03-24,6818,6818,6818,6818,1300,KGM
2021-03-25,6818,6818,6042,6042,2900,KGM
2021-03-26,6042,6042,6042,6042,0,KGM
2021-03-29,6042,6042,6042,6042,0,KGM
2021-03-30,6905,6905,6905,6905,1100,KGM
2021-03-31,7854,7854,7854,7854,1400,KGM
2021-04-01,7854,7854,7854,7854,0,KGM
2021-04-02,7768,8200,7768,8200,200,KGM
2021-04-05,7768,8631,7768,8631,2200,KGM
2021-04-06,7941,7941,7941,7941,0,KGM
2021-04-07,7941,7941,7941,7941,0,KGM
2021-04-08,7941,7941,7941,7941,0,KGM
2021-04-09,7941,7941,7941,7941,0,KGM
2021-04-12,7941,7941,7941,7941,100,KGM
2021-04-13,8027,8027,8027,8027,500,KGM
2021-04-14,8027,8027,8027,8027,500,KGM
2021-04-15,8027,8027,8027,8027,1100,KGM
2021-04-16,8027,8027,8027,8027,400,KGM
2021-04-19,8027,8027,8027,8027,700,KGM
2021-04-20,8027,8027,8027,8027,1000,KGM
2021-04-22,8027,8027,8027,8027,200,KGM
2021-04-23,6905,6905,6905,6905,100,KGM
2021-04-26,7941,7941,7941,7941,100,KGM
2021-04-27,7941,7941,7941,7941,0,KGM
2021-04-28,7941,7941,7941,7941,0,KGM
2021-04-29,7941,7941,7941,7941,0,KGM
2021-05-04,7941,7941,7941,7941,0,KGM
2021-05-05,7941,7941,7941,7941,0,KGM
2021-05-06,7336,7336,7336,7336,1700,KGM
2021-05-07,7336,7336,7336,7336,0,KGM
2021-05-10,7336,7336,7336,7336,300,KGM
2021-05-11,7336,7336,7336,7336,0,KGM
2021-05-12,7336,7336,7336,7336,0,KGM
2021-05-13,7336,7336,7336,7336,0,KGM
2021-05-14,7336,7336,7336,7336,0,KGM
2021-05-17,7336,7336,7336,7336,0,KGM
2021-05-18,7336,7336,7336,7336,1200,KGM
2021-05-19,7336,7336,7336,7336,0,KGM
2021-05-20,8027,8027,8027,8027,3500,KGM
2021-05-21,8027,8027,8027,8027,0,KGM
2021-05-24,8027,8027,8027,8027,0,KGM
2021-05-25,8027,8027,8027,8027,0,KGM
2021-05-26,8027,8027,8027,8027,0,KGM
2021-05-27,8200,8200,8200,8200,300,KGM
2021-05-28,8200,8200,8200,8200,200,KGM
2021-05-31,8200,8200,8200,8200,0,KGM
2021-06-01,9425,9425,9425,9425,1000,KGM
2021-06-02,9425,9425,9425,9425,0,KGM
2021-06-03,9425,9425,9425,9425,0,KGM
2021-06-04,9331,9425,9331,9425,1300,KGM
2021-06-07,9425,9425,9425,9425,0,KGM
2021-06-08,8011,8011,8011,8011,100,KGM
2021-06-09,8011,8011,8011,8011,0,KGM
2021-06-10,8011,8011,8011,8011,0,KGM
2021-06-11,8011,8011,8011,8011,0,KGM
2021-06-14,8011,8011,8011,8011,0,KGM
2021-06-15,8011,8011,8011,8011,0,KGM
2021-06-16,8011,8011,8011,8011,0,KGM
2021-06-17,7540,7540,7540,7540,400,KGM
2021-06-18,8011,8011,7446,7446,3300,KGM
2021-06-21,7540,7540,7257,7257,10400,KGM
2021-06-22,7351,7728,7351,7351,22200,KGM
2021-06-23,7446,7823,7446,7823,51500,KGM
2021-06-24,8765,8765,7823,7823,2800,KGM
2021-06-25,8954,8954,8954,8954,100,KGM
2021-06-28,9896,9896,7728,7728,14700,KGM
2021-06-29,7823,7823,6974,7540,4400,KGM
2021-06-30,7351,7351,7257,7257,3800,KGM
2021-07-01,7257,7257,7257,7257,100,KGM
2021-07-02,7257,7257,7257,7257,900,KGM
2021-07-05,7257,7257,7257,7257,500,KGM
2021-07-06,7257,7257,7257,7257,500,KGM
2021-07-07,7257,7257,7257,7257,0,KGM
2021-07-08,7257,7257,7257,7257,0,KGM
2021-07-09,7257,7257,7257,7257,0,KGM
2021-07-12,7540,7540,7540,7540,700,KGM
2021-07-13,7540,7540,7540,7540,0,KGM
2021-07-14,7540,7540,7540,7540,0,KGM
2021-07-15,7540,7540,7540,7540,0,KGM
2021-07-16,7540,7540,7540,7540,0,KGM
2021-07-19,7540,7540,7540,7540,0,KGM
2021-07-20,7540,7540,7540,7540,0,KGM
2021-07-21,7540,7540,7540,7540,0,KGM
2021-07-22,7540,7728,7540,7728,3700,KGM
2021-07-23,7634,7634,7634,7634,2300,KGM
2021-07-26,7634,7634,7634,7634,0,KGM
2021-07-27,7634,7634,7634,7634,200,KGM
2021-07-28,7728,7728,7728,7728,4000,KGM
2021-07-29,7634,7634,7634,7634,400,KGM
2021-07-30,7634,7634,7634,7634,0,KGM
2021-08-02,7634,7634,7634,7634,0,KGM
2021-08-03,7634,7634,7634,7634,0,KGM
2021-08-04,7634,7634,7634,7634,0,KGM
2021-08-05,7634,7634,7634,7634,0,KGM
2021-08-06,7634,7634,7634,7634,0,KGM
2021-08-09,7634,7634,7634,7634,0,KGM
2021-08-10,7634,7634,7634,7634,0,KGM
2021-08-11,7728,7728,7728,7728,900,KGM
2021-08-12,7728,7728,7728,7728,0,KGM
2021-08-13,7728,7728,7728,7728,0,KGM
2021-08-16,7728,7728,7728,7728,2500,KGM
2021-08-17,7728,7728,7728,7728,0,KGM
2021-08-18,8765,8765,8765,8765,100,KGM
2021-08-19,8765,8765,8765,8765,0,KGM
2021-08-20,9896,9896,9896,9896,100,KGM
2021-08-23,9896,9896,9896,9896,0,KGM
2021-08-24,9896,9896,9896,9896,0,KGM
2021-08-25,9896,9896,9896,9896,0,KGM
2021-08-26,9990,11027,9802,9802,26600,KGM
2021-08-27,10462,10462,10462,10462,0,KGM
2021-08-30,10462,10462,10462,10462,0,KGM
2021-08-31,9425,9425,9425,9425,500,KGM
2021-09-01,9425,9425,9425,9425,2000,KGM
2021-09-06,8954,8954,8954,8954,500,KGM
2021-09-07,8482,8482,7634,8388,24500,KGM
2021-09-08,8105,8577,8105,8577,400,KGM
2021-09-09,8954,8954,8671,8671,550,KGM
2021-09-10,8482,8482,7823,8294,6400,KGM
2021-09-13,8765,8765,8765,8765,2100,KGM
2021-09-14,8105,8765,8105,8294,16302,KGM
2021-09-15,8294,8482,8105,8482,10700,KGM
2021-09-16,8388,8765,8388,8765,2500,KGM
2021-09-17,8482,8577,8482,8577,4448,KGM
2021-09-20,8482,8577,8482,8577,14200,KGM
2021-09-21,8671,9802,8671,9802,13900,KGM
2021-09-22,9896,10839,9896,10839,57100,KGM
2021-09-23,10839,10839,9236,9425,12100,KGM
2021-09-24,8577,8954,8577,8577,6500,KGM
2021-09-27,8105,8577,8011,8577,15900,KGM
2021-09-28,9331,9331,8200,8482,1100,KGM
2021-09-29,8482,8482,8388,8388,2400,KGM
2021-09-30,8200,8388,8200,8388,200,KGM
2021-10-01,8671,8859,8388,8859,1600,KGM
2021-10-04,8671,8671,8671,8671,2500,KGM
2021-10-05,8482,8482,8482,8482,1200,KGM
2021-10-06,8482,8954,8482,8954,2219,KGM
2021-10-07,8765,8954,8765,8954,1300,KGM
2021-10-08,8954,9425,8954,9425,3100,KGM
2021-10-11,9425,9425,8671,9425,978,KGM
2021-10-12,9236,9236,9236,9236,0,KGM
2021-10-13,9236,9236,9236,9236,0,KGM
2021-10-14,8765,8765,8765,8765,8934,KGM
2021-10-15,8765,8765,8765,8765,0,KGM
2021-10-18,8765,9425,8765,9425,3800,KGM
2021-10-19,8765,8765,8765,8765,0,KGM
2021-10-20,8765,8765,8765,8765,0,KGM
2021-10-21,9331,9331,9331,9331,100,KGM
2021-10-22,9048,9048,9048,9048,100,KGM
2021-10-25,9048,9048,9048,9048,0,KGM
2021-10-26,9048,9048,9048,9048,0,KGM
2021-10-27,8765,8765,8765,8765,7500,KGM
2021-10-28,8765,8765,8671,8765,2500,KGM
2021-10-29,8765,8765,8765,8765,400,KGM
2021-11-01,8765,8765,8765,8765,1500,KGM
2021-11-02,8765,9425,8765,9425,3997,KGM
2021-11-03,10367,10462,9236,9236,2600,KGM
2021-11-04,9331,9425,9331,9425,3500,KGM
2021-11-05,9802,9990,9802,9896,14500,KGM
2021-11-08,10744,10744,10744,10744,303,KGM
2021-11-09,10744,10744,10744,10744,0,KGM
2021-11-10,10367,10744,10367,10744,1000,KGM
2021-11-11,10744,10839,10273,10650,11100,KGM
2021-11-12,10556,10650,10556,10650,5597,KGM
2021-11-15,10556,10744,10556,10744,3100,KGM
2021-11-16,10650,10650,10650,10650,5000,KGM
2021-11-17,11121,11121,10556,10556,302,KGM
2021-11-18,10556,10556,10179,10179,9800,KGM
2021-11-19,10367,10367,10367,10367,3000,KGM
2021-11-22,10367,10367,10085,10085,11000,KGM
2021-11-23,10556,10556,10556,10556,800,KGM
2021-11-24,10367,10367,10367,10367,500,KGM
2021-11-25,10367,10367,10367,10367,3400,KGM
2021-11-26,10367,10367,10367,10367,0,KGM
2021-11-29,10367,10367,10367,10367,0,KGM
2021-11-30,10367,10367,10367,10367,700,KGM
2021-12-01,10367,10367,10367,10367,0,KGM
2021-12-02,10367,10367,10367,10367,0,KGM
2021-12-03,10367,10367,10367,10367,100,KGM
2021-12-06,10367,10367,10367,10367,0,KGM
2021-12-07,10367,10367,10367,10367,0,KGM
2021-12-08,10367,10367,10367,10367,300,KGM
2021-12-09,10367,10367,10367,10367,500,KGM
2021-12-13,10367,10839,10367,10839,3600,KGM
2021-12-15,10839,10839,10839,10839,100,KGM
2021-12-16,10839,10839,10839,10839,300,KGM
2021-12-20,10839,10839,10839,10839,700,KGM
2021-12-21,10839,10839,10839,10839,400,KGM
2021-12-22,10839,10839,10839,10839,0,KGM
2021-12-23,10839,10839,10839,10839,0,KGM
2021-12-24,10839,10839,10839,10839,0,KGM
2021-12-27,10839,10839,10839,10839,0,KGM
2021-12-28,10839,10839,10839,10839,0,KGM
2021-12-29,10839,10839,10839,10839,100,KGM
2021-12-30,10839,10839,10839,10839,0,KGM
2021-12-31,10839,10839,10839,10839,0,KGM
2022-01-04,10839,10839,10839,10839,0,KGM
2022-01-05,10839,10839,10839,10839,3000,KGM
2022-01-06,10839,10839,10839,10839,2800,KGM
2022-01-07,10839,10839,10839,10839,0,KGM
2022-01-10,10839,10839,10839,10839,0,KGM
2022-01-11,10839,10839,10839,10839,0,KGM
2022-01-12,10839,10839,10839,10839,0,KGM
2022-01-13,10839,10839,10839,10839,0,KGM
2022-01-14,10839,10839,10839,10839,0,KGM
2022-01-17,10839,10839,10839,10839,0,KGM
2022-01-18,10839,10839,10839,10839,0,KGM
2022-01-19,10839,10839,10839,10839,0,KGM
2022-01-20,10839,10839,10839,10839,0,KGM
2022-01-21,10839,10839,10839,10839,0,KGM
2022-01-24,10839,10839,10839,10839,0,KGM
2022-01-25,10839,10839,10839,10839,0,KGM
2022-01-26,10839,10839,10839,10839,0,KGM
2022-01-27,10839,10839,10839,10839,0,KGM
2022-01-28,10839,10839,10839,10839,0,KGM
2022-02-07,10839,10839,10839,10839,0,KGM
2022-02-08,10839,10839,10839,10839,0,KGM
2022-02-09,10839,10839,10839,10839,0,KGM
2022-02-10,10839,10839,10839,10839,0,KGM
2022-02-11,10839,10839,10839,10839,0,KGM
2022-02-14,10839,10839,10839,10839,0,KGM
2022-02-15,10839,10839,10839,10839,0,KGM
2022-02-16,10839,10839,10839,10839,0,KGM
2022-02-17,10839,10839,10839,10839,0,KGM
2022-02-18,10839,10839,10839,10839,0,KGM
2022-02-21,10839,10839,10839,10839,0,KGM
2022-02-22,10839,10839,10839,10839,0,KGM
2022-02-23,10839,10839,10839,10839,0,KGM
2022-02-24,10839,10839,10839,10839,2400,KGM
2022-02-25,10839,10839,10839,10839,0,KGM
2022-02-28,11310,11310,11216,11216,300,KGM
2022-03-01,11310,11310,11310,11310,0,KGM
2022-03-02,9896,11687,9896,11687,4700,KGM
2022-03-03,10839,10839,10367,10367,3000,KGM
2022-03-04,10650,10650,10650,10650,0,KGM
2022-03-07,10650,10650,10650,10650,0,KGM
2022-03-08,11310,11310,10273,11310,7800,KGM
2022-03-09,11310,11310,10367,10367,20500,KGM
2022-03-10,11216,11216,11216,11216,0,KGM
2022-03-11,11216,11216,11216,11216,0,KGM
2022-03-14,11216,11216,11216,11216,1700,KGM
2022-03-15,10933,10933,10933,10933,200,KGM
2022-03-16,10933,10933,10933,10933,0,KGM
2022-03-17,10933,10933,10933,10933,400,KGM
2022-03-18,10367,10367,10367,10367,200,KGM
2022-03-21,10367,10367,10367,10367,0,KGM
2022-03-22,9896,9896,9896,9896,500,KGM
2022-03-23,9896,9896,9896,9896,0,KGM
2022-03-24,9896,9896,9896,9896,0,KGM
2022-03-25,9896,9896,9896,9896,0,KGM
2022-03-28,9896,9896,9896,9896,0,KGM
2022-03-29,9896,9896,9896,9896,0,KGM
2022-03-30,9896,9896,9896,9896,0,KGM
2022-03-31,9896,9896,9896,9896,0,KGM
2022-04-01,9896,9896,9896,9896,0,KGM
2022-04-04,9896,9896,9896,9896,0,KGM
2022-04-05,9896,9896,9896,9896,0,KGM
2022-04-06,9896,9896,9896,9896,0,KGM
2022-04-07,9896,9896,9896,9896,0,KGM
2022-04-08,9896,9896,9896,9896,0,KGM
2022-04-12,9896,9896,9896,9896,0,KGM
2022-04-13,9896,9896,9896,9896,0,KGM
2022-04-14,9896,9896,9896,9896,0,KGM
2022-04-15,9896,9896,9896,9896,0,KGM
2022-04-18,9896,9896,9896,9896,0,KGM
2022-04-19,11310,11310,11310,11310,11800,KGM
2022-04-20,11687,13006,11687,13006,400,KGM
2022-04-21,12252,12252,12252,12252,100,KGM
2022-04-22,12252,12252,12252,12252,1100,KGM
2022-04-25,12252,12252,12252,12252,0,KGM
2022-04-26,12252,12252,12252,12252,0,KGM
2022-04-27,12252,12252,12252,12252,0,KGM
2022-04-28,12252,12252,12252,12252,0,KGM
2022-04-29,11310,11310,11310,11310,200,KGM
2022-05-04,11310,11310,11310,11310,0,KGM
2022-05-05,11310,11310,11310,11310,0,KGM
2022-05-06,11310,11310,11310,11310,0,KGM
2022-05-09,11310,11310,11310,11310,0,KGM
2022-05-10,11310,11310,11310,11310,0,KGM
2022-05-11,11310,11310,11310,11310,0,KGM
2022-05-12,11310,11310,11310,11310,0,KGM
2022-05-13,11310,11310,11310,11310,0,KGM
2022-05-16,11310,11310,11310,11310,0,KGM
2022-05-17,11310,11310,11310,11310,0,KGM
2022-05-18,11310,11310,11310,11310,0,KGM
2022-05-19,11310,11310,11310,11310,0,KGM
2022-05-20,11310,11310,11310,11310,0,KGM
2022-05-23,11310,11310,11310,11310,0,KGM
2022-05-24,11310,11310,11310,11310,0,KGM
2022-05-25,11310,11310,11310,11310,0,KGM
2022-05-26,11310,11310,11310,11310,0,KGM
2022-05-27,11310,11310,11310,11310,0,KGM
2022-05-30,11310,11310,11310,11310,0,KGM
2022-05-31,11310,11310,11310,11310,0,KGM
2022-06-01,11310,11310,11310,11310,0,KGM
2022-06-02,11310,11310,11310,11310,0,KGM
2022-06-03,11310,11310,11310,11310,0,KGM
2022-06-06,11310,11310,11310,11310,0,KGM
2022-06-07,11310,11310,11310,11310,0,KGM
2022-06-08,11407,11407,11407,11407,500,KGM
2022-06-09,11212,11407,11212,11407,18600,KGM
2022-06-10,11310,11310,11310,11310,1600,KGM
2022-06-13,11310,11310,11310,11310,0,KGM
2022-06-14,11310,11700,11310,11700,13000,KGM
2022-06-15,11700,11700,11700,11700,300,KGM
2022-06-16,11700,11700,11700,11700,0,KGM
2022-06-17,11505,11505,11505,11505,100,KGM
2022-06-20,11505,11505,11505,11505,0,KGM
2022-06-21,11505,11505,11505,11505,0,KGM
2022-06-22,11505,11505,11505,11505,0,KGM
2022-06-23,11505,11505,11505,11505,0,KGM
2022-06-24,11505,11505,11505,11505,0,KGM
2022-06-27,11212,11212,11212,11212,2000,KGM
2022-06-28,11212,11212,11212,11212,0,KGM
2022-06-29,10920,10920,10920,10920,100,KGM
2022-06-30,10920,10920,10920,10920,0,KGM
2022-07-01,10920,10920,10920,10920,0,KGM
2022-07-04,10920,10920,10920,10920,0,KGM
2022-07-05,10920,10920,10920,10920,0,KGM
2022-07-06,10920,10920,10920,10920,0,KGM
2022-07-07,10725,10725,10725,10725,200,KGM
2022-07-08,10725,10725,10725,10725,0,KGM
2022-07-11,10725,10725,10725,10725,300,KGM
2022-07-12,9750,9750,9750,9750,200,KGM
2022-07-13,9750,9750,9750,9750,0,KGM
2022-07-14,9750,10432,9750,10432,1600,KGM
2022-07-15,9750,9750,9750,9750,1100,KGM
2022-07-18,10140,10140,10140,10140,100,KGM
2022-07-19,10140,10140,10140,10140,0,KGM
2022-07-20,10140,10140,9750,9750,7900,KGM
2022-07-21,10042,10042,10042,10042,0,KGM
2022-07-22,10042,10042,10042,10042,3100,KGM
2022-07-25,10042,10042,10042,10042,4200,KGM
2022-07-26,10042,10042,10042,10042,100,KGM
2022-07-27,10042,10042,10042,10042,1600,KGM
2022-07-28,8775,8775,8775,8775,100,KGM
2022-07-29,8775,8775,8775,8775,0,KGM
2022-08-01,10042,10042,10042,10042,300,KGM
2022-08-02,10042,10042,10042,10042,0,KGM
2022-08-03,10042,10042,10042,10042,1000,KGM
2022-08-04,10432,10627,9555,10627,400,KGM
2022-08-05,9555,9555,9555,9555,500,KGM
2022-08-08,10140,10140,10140,10140,200,KGM
2022-08-09,9555,9555,9555,9555,1300,KGM
2022-08-10,9555,9555,9555,9555,700,KGM
2022-08-11,9555,9555,9555,9555,3300,KGM
2022-08-12,9555,9555,9555,9555,0,KGM
2022-08-15,10140,10140,10140,10140,300,KGM
2022-08-16,10140,10140,10140,10140,0,KGM
2022-08-17,9067,10335,9067,9555,1400,KGM
2022-08-18,9945,9945,9945,9945,100,KGM
2022-08-19,10237,10237,10237,10237,300,KGM
2022-08-22,10237,10237,10237,10237,0,KGM
2022-08-23,10237,10237,10237,10237,0,KGM
2022-08-24,10237,10237,10237,10237,0,KGM
2022-08-25,10237,10237,10237,10237,0,KGM
2022-08-26,11700,11700,11700,11700,100,KGM
2022-08-29,9945,9945,9945,9945,2100,KGM
2022-08-30,11407,11407,11407,11407,100,KGM
2022-08-31,13065,13065,9750,9750,5500,KGM
2022-09-05,10530,10530,10530,10530,100,KGM
2022-09-06,10530,10530,10530,10530,0,KGM
2022-09-07,11700,11700,11700,11700,100,KGM
2022-09-08,11700,11700,11700,11700,0,KGM
2022-09-09,11700,11700,11700,11700,0,KGM
2022-09-12,11700,11700,11700,11700,0,KGM
2022-09-13,11700,11700,11700,11700,0,KGM
2022-09-14,11700,11700,11700,11700,0,KGM
2022-09-15,11700,11700,11700,11700,0,KGM
2022-09-16,11700,11700,11700,11700,0,KGM
2022-09-19,9945,9945,9945,9945,2100,KGM
2022-09-20,8775,8775,8482,8482,29300,KGM
2022-09-21,8970,8970,8482,8482,2500,KGM
2022-09-22,8677,8677,8677,8677,1100,KGM
2022-09-23,8677,8677,8482,8482,5100,KGM
2022-09-26,7800,7800,7800,7800,800,KGM
2022-09-27,7800,7800,7800,7800,0,KGM
2022-09-28,7800,7800,7800,7800,0,KGM
2022-09-29,7800,7800,7800,7800,0,KGM
2022-09-30,7800,7800,7800,7800,0,KGM
2022-10-03,7800,7800,7800,7800,0,KGM
2022-10-04,7800,7800,7800,7800,0,KGM
2022-10-05,7800,7800,7800,7800,0,KGM
2022-10-06,7800,7800,7800,7800,0,KGM
2022-10-07,7800,7800,7800,7800,300,KGM
2022-10-10,7800,7800,7800,7800,0,KGM
2022-10-11,7800,7800,7800,7800,0,KGM
2022-10-12,7800,7800,7800,7800,0,KGM
2022-10-13,7800,7800,7800,7800,0,KGM
2022-10-14,7800,7800,7800,7800,1200,KGM
2022-10-17,7800,7800,7800,7800,0,KGM
2022-10-18,7800,7800,7800,7800,0,KGM
2022-10-19,7800,7800,7800,7800,0,KGM
2022-10-20,7800,7800,7800,7800,0,KGM
2022-10-21,7800,7800,7800,7800,0,KGM
2022-10-24,7800,7800,7800,7800,0,KGM
2022-10-25,7800,7800,7800,7800,0,KGM
2022-10-26,7800,7800,7800,7800,0,KGM
2022-10-27,7800,7800,7800,7800,0,KGM
2022-10-28,7800,7800,7800,7800,0,KGM
2022-10-31,7800,7800,7800,7800,0,KGM
2022-11-01,7800,7800,7800,7800,300,KGM
2022-11-02,7800,7800,7800,7800,0,KGM
2022-11-03,7800,7800,7800,7800,0,KGM
2022-11-04,7800,7800,7800,7800,0,KGM
2022-11-07,7800,7800,7800,7800,0,KGM
2022-11-08,7800,7800,7800,7800,0,KGM
2022-11-09,7800,7800,7800,7800,0,KGM
2022-11-10,7800,7800,7800,7800,0,KGM
2022-11-11,7800,7800,7800,7800,0,KGM
2022-11-14,7800,7800,7800,7800,0,KGM
2022-11-15,7800,7800,7800,7800,0,KGM
2022-11-16,7800,7800,7800,7800,0,KGM
2022-11-17,7800,7800,7800,7800,0,KGM
2022-11-18,7800,7800,7800,7800,0,KGM
2022-11-21,6630,6630,6630,6630,400,KGM
2022-11-22,6630,6630,6630,6630,0,KGM
2022-11-23,6630,6630,6630,6630,0,KGM
2022-11-24,6630,6630,6630,6630,0,KGM
2022-11-25,6630,6630,6630,6630,100,KGM
2022-11-28,6630,6630,6630,6630,0,KGM
2022-11-29,7605,7605,7605,7605,100,KGM
2022-11-30,7605,7605,7605,7605,0,KGM
2022-12-01,7605,7605,7605,7605,0,KGM
2022-12-02,7605,7605,7605,7605,0,KGM
2022-12-05,7897,7897,7897,7897,200,KGM
2022-12-06,7897,7897,7897,7897,0,KGM
2022-12-07,7897,7897,7897,7897,0,KGM
2022-12-08,7897,7897,7897,7897,0,KGM
2022-12-09,7897,7897,7897,7897,0,KGM
2022-12-12,7897,7897,7897,7897,0,KGM
2022-12-13,7897,7897,7897,7897,0,KGM
2022-12-14,7897,7897,7897,7897,0,KGM
2022-12-15,7897,7897,7897,7897,0,KGM
2022-12-16,7897,7995,7897,7995,1000,KGM
2022-12-19,7995,8775,7995,8287,1000,KGM
2022-12-20,8092,8092,8092,8092,0,KGM
2022-12-21,8092,8092,8092,8092,0,KGM
2022-12-22,8092,8092,8092,8092,0,KGM
2022-12-23,8092,8092,8092,8092,0,KGM
2022-12-26,8092,8092,8092,8092,0,KGM
2022-12-27,8092,8092,8092,8092,0,KGM
2022-12-28,8092,8092,8092,8092,0,KGM
2022-12-29,8092,8092,8092,8092,0,KGM
2022-12-30,8092,8092,8092,8092,0,KGM
2023-01-03,8092,8092,8092,8092,0,KGM
2023-01-04,7702,8287,7702,8287,900,KGM
2023-01-05,7800,7800,7800,7800,0,KGM
2023-01-06,7800,7800,7800,7800,0,KGM
2023-01-09,7800,7800,7800,7800,0,KGM
2023-01-10,7800,7800,7800,7800,0,KGM
2023-01-11,7800,7800,7800,7800,0,KGM
2023-01-12,7800,7800,7800,7800,0,KGM
2023-01-13,7800,7800,7800,7800,0,KGM
2023-01-16,7800,7800,7800,7800,0,KGM
2023-01-17,7800,7800,7800,7800,0,KGM
2023-01-18,7800,7800,7800,7800,0,KGM
2023-01-19,7800,7800,7800,7800,0,KGM
2023-01-27,7800,7800,7800,7800,0,KGM
2023-01-30,7800,7800,7800,7800,0,KGM
2023-01-31,7800,7800,7800,7800,0,KGM
2023-02-01,7800,7800,7800,7800,0,KGM
2023-02-02,7800,7800,7800,7800,0,KGM
2023-02-03,7800,7800,7800,7800,0,KGM
2023-02-06,7800,7800,7800,7800,0,KGM
2023-02-07,7800,7800,7800,7800,0,KGM
2023-02-08,7800,7800,7800,7800,0,KGM
2023-02-09,7800,7800,7800,7800,0,KGM
2023-02-10,7800,7800,7800,7800,0,KGM
2023-02-13,7800,7800,7800,7800,0,KGM
2023-02-14,7800,7800,7800,7800,0,KGM
2023-02-15,7800,7800,7800,7800,0,KGM
2023-02-16,7800,7800,7800,7800,0,KGM
2023-02-17,7800,7800,7800,7800,0,KGM
2023-02-20,7800,7800,7800,7800,0,KGM
2023-02-21,7800,7800,7800,7800,0,KGM
2023-02-22,7800,7800,7800,7800,0,KGM
2023-02-23,7800,7800,7800,7800,0,KGM
2023-02-24,7800,7800,7800,7800,0,KGM
2023-02-27,7800,7800,7800,7800,0,KGM
2023-02-28,7800,7800,7800,7800,0,KGM
2023-03-01,7800,7800,7800,7800,0,KGM
2023-03-02,7800,7800,7800,7800,0,KGM
2023-03-03,7800,7800,7800,7800,0,KGM
2023-03-06,7800,7800,7800,7800,0,KGM
2023-03-07,7800,7800,7800,7800,0,KGM
2023-03-08,7800,7800,7800,7800,0,KGM
2023-03-09,7800,7800,7800,7800,0,KGM
2023-03-10,7800,7800,7800,7800,0,KGM
2023-03-13,7800,7800,7800,7800,0,KGM
2023-03-14,7800,7800,7800,7800,0,KGM
2023-03-15,7800,7800,7800,7800,0,KGM
2023-03-16,7800,7800,7800,7800,0,KGM
2023-03-17,7800,7800,7800,7800,0,KGM
2023-03-20,7800,7800,7800,7800,0,KGM
2023-03-21,7800,7800,7800,7800,0,KGM
2023-03-22,7800,7800,7800,7800,0,KGM
2023-03-23,7800,7800,7800,7800,0,KGM
2023-03-24,7800,7800,7800,7800,0,KGM
2023-03-27,7800,7800,7800,7800,0,KGM
2023-03-28,7800,7800,7800,7800,0,KGM
2023-03-29,7800,7800,7800,7800,0,KGM
2023-03-30,7800,7800,7800,7800,0,KGM
2023-03-31,7800,7800,7800,7800,0,KGM
2023-04-03,7800,7800,7800,7800,0,KGM
2023-04-04,7800,7800,7800,7800,0,KGM
2023-04-05,7800,7800,7800,7800,0,KGM
2023-04-06,7800,7800,7800,7800,0,KGM
2023-04-07,7800,7800,7800,7800,0,KGM
2023-04-10,7800,7800,7800,7800,0,KGM
2023-04-11,7800,7800,7800,7800,0,KGM
2023-04-12,7800,7800,7800,7800,0,KGM
2023-04-13,7800,7800,7800,7800,0,KGM
2023-04-14,7800,7800,7800,7800,0,KGM
2023-04-17,7800,7800,7800,7800,0,KGM
2023-04-18,7800,7800,7800,7800,0,KGM
2023-04-19,7800,7800,7800,7800,0,KGM
2023-04-20,7800,7800,7800,7800,0,KGM
2023-04-21,7800,7800,7800,7800,0,KGM
2023-04-24,7800,7800,7800,7800,0,KGM
2023-04-25,7800,7800,7800,7800,0,KGM
2023-04-26,7800,7800,7800,7800,0,KGM
2023-04-27,7800,7800,7800,7800,0,KGM
2023-04-28,7800,7800,7800,7800,0,KGM
2023-05-04,7800,7800,7800,7800,0,KGM
2023-05-05,7800,7800,7800,7800,0,KGM
2023-05-08,7800,7800,7800,7800,0,KGM
2023-05-09,7800,7800,7800,7800,0,KGM
2023-05-10,7800,7800,7800,7800,0,KGM
2023-05-11,7800,7800,7800,7800,0,KGM
2023-05-12,7800,7800,7800,7800,0,KGM
2023-05-15,7800,7800,7800,7800,0,KGM
2023-05-16,7800,7800,7800,7800,0,KGM
2023-05-17,7800,7800,7800,7800,0,KGM
2023-05-18,7800,7800,7800,7800,0,KGM
2023-05-19,7800,7800,7800,7800,0,KGM
2023-05-22,4700,4700,4700,4700,100,KGM
2023-05-23,5400,5400,5400,5400,100,KGM
2023-05-24,6200,6200,6200,6200,100,KGM
2023-05-25,5400,5400,5300,5300,1300,KGM
2023-05-26,6000,6000,6000,6000,200,KGM
2023-05-29,6000,6000,6000,6000,0,KGM
2023-05-30,6800,6900,6700,6700,900,KGM
2023-05-31,7200,7200,7200,7200,100,KGM
2023-06-01,6200,6200,6200,6200,1000,KGM
2023-06-02,6800,6800,6800,6800,100,KGM
2023-06-05,5800,5800,5800,5800,200,KGM
2023-06-06,6500,6500,6500,6500,300,KGM
2023-06-07,7400,7400,7400,7400,400,KGM
2023-06-08,7400,7400,7400,7400,0,KGM
2023-06-09,7400,7400,7400,7400,0,KGM
2023-06-12,7400,7400,7400,7400,0,KGM
2023-06-13,7400,7400,7400,7400,0,KGM
2023-06-14,7400,7400,7400,7400,0,KGM
2023-06-15,7400,7400,7400,7400,0,KGM
2023-06-16,7400,7400,7400,7400,0,KGM
2023-06-19,7400,7400,7400,7400,0,KGM
2023-06-20,7400,7400,7400,7400,0,KGM
2023-06-21,7400,7400,7400,7400,0,KGM
2023-06-22,7400,7400,7400,7400,0,KGM
2023-06-23,7400,7400,7400,7400,0,KGM
2023-06-26,7400,7400,7400,7400,0,KGM
2023-06-27,7400,7400,7400,7400,0,KGM
2023-06-28,7400,7400,7400,7400,0,KGM
2023-06-29,7500,7500,7500,7500,500,KGM
2023-06-30,7500,7500,7500,7500,0,KGM
