time,open,high,low,close,volume,ticker
2017-01-09,2977,2977,2126,2314,346000,VIB
2017-01-10,2389,2389,2314,2339,234947,VIB
2017-01-11,2339,2339,2289,2314,173442,VIB
2017-01-12,2252,2252,2101,2101,52349,VIB
2017-01-13,2039,2039,1889,1901,70740,VIB
2017-01-16,1964,1964,1900,1951,134435,VIB
2017-01-17,1965,2056,1965,2056,40175,VIB
2017-01-18,2126,2140,2099,2140,20408,VIB
2017-01-19,2155,2197,2142,2197,73089,VIB
2017-01-20,2169,2265,2169,2183,52135,VIB
2017-01-23,2265,2320,2224,2224,42247,VIB
2017-01-24,2293,2334,2293,2334,63225,VIB
2017-01-25,2320,2320,2320,2320,1610,VIB
2017-02-02,2320,2320,2210,2238,9810,VIB
2017-02-03,2210,2320,2210,2293,7890,VIB
2017-02-06,2279,2279,2265,2265,75013,VIB
2017-02-07,2265,2265,2265,2265,23900,VIB
2017-02-08,2265,2265,2238,2238,11454,VIB
2017-02-09,2265,2307,2252,2252,27845,VIB
2017-02-10,2265,2320,2265,2320,12638,VIB
2017-02-13,2252,2307,2252,2307,24240,VIB
2017-02-14,2279,2293,2279,2279,17715,VIB
2017-02-15,2265,2334,2265,2293,53610,VIB
2017-02-16,2320,2361,2320,2334,62280,VIB
2017-02-17,2307,2307,2307,2307,1540,VIB
2017-02-20,2307,2361,2307,2320,20599,VIB
2017-02-21,2320,2334,2307,2334,12750,VIB
2017-02-22,2334,2348,2320,2320,41019,VIB
2017-02-23,2334,2334,2307,2307,60220,VIB
2017-02-24,2334,2334,2320,2334,30064,VIB
2017-02-27,2334,2334,2320,2334,16720,VIB
2017-02-28,2320,2361,2320,2348,13447,VIB
2017-03-01,2348,2403,2348,2375,8158,VIB
2017-03-02,2416,2513,2389,2403,17246,VIB
2017-03-03,2416,2430,2416,2430,13301,VIB
2017-03-06,2430,2430,2403,2403,20752,VIB
2017-03-07,2361,2430,2361,2416,15280,VIB
2017-03-08,2375,2375,2375,2375,4000,VIB
2017-03-09,2375,2375,2361,2375,6619,VIB
2017-03-10,2375,2403,2375,2403,1400,VIB
2017-03-13,2403,2416,2403,2403,3515,VIB
2017-03-14,2403,2430,2403,2416,12650,VIB
2017-03-15,2389,2403,2375,2403,42200,VIB
2017-03-16,2421,2421,2421,2421,12643,VIB
2017-03-17,2435,2435,2435,2435,4767,VIB
2017-03-20,2435,2435,2407,2407,15087,VIB
2017-03-21,2421,2421,2421,2421,8753,VIB
2017-03-22,2463,2463,2421,2421,23629,VIB
2017-03-23,2421,2421,2421,2421,7280,VIB
2017-03-24,2380,2463,2380,2421,13548,VIB
2017-03-27,2421,2435,2421,2435,4030,VIB
2017-03-28,2421,2463,2421,2449,11397,VIB
2017-03-29,2490,2490,2435,2435,3496,VIB
2017-03-30,2490,2490,2449,2449,15105,VIB
2017-03-31,2490,2490,2449,2490,42058,VIB
2017-04-03,2490,2559,2490,2546,27703,VIB
2017-04-04,2559,2559,2546,2546,21211,VIB
2017-04-05,2587,2601,2559,2559,35224,VIB
2017-04-07,2601,2601,2559,2573,18220,VIB
2017-04-10,2573,2587,2573,2587,3630,VIB
2017-04-11,2587,2656,2587,2615,54706,VIB
2017-04-12,2587,2642,2587,2615,25639,VIB
2017-04-13,2642,2905,2642,2808,93217,VIB
2017-04-14,2822,2850,2753,2753,6810,VIB
2017-04-17,2808,2808,2642,2753,23971,VIB
2017-04-18,2767,2767,2725,2753,91100,VIB
2017-04-19,2753,2781,2753,2767,78130,VIB
2017-04-20,2767,2808,2767,2795,31708,VIB
2017-04-21,2795,2795,2795,2795,60210,VIB
2017-04-24,2795,2795,2767,2795,51260,VIB
2017-04-25,2809,2864,2795,2823,70300,VIB
2017-04-26,2795,2850,2795,2795,10591,VIB
2017-04-27,2795,2864,2795,2795,44740,VIB
2017-04-28,2823,2864,2809,2836,17003,VIB
2017-05-03,2920,2920,2823,2892,4440,VIB
2017-05-04,2878,2878,2809,2864,40700,VIB
2017-05-05,2850,2878,2836,2878,116900,VIB
2017-05-08,2864,2864,2864,2864,11150,VIB
2017-05-09,2892,2920,2878,2920,36600,VIB
2017-05-10,2906,2906,2892,2892,81510,VIB
2017-05-11,2906,2934,2892,2934,47501,VIB
2017-05-12,2976,3004,2934,2990,214450,VIB
2017-05-15,2990,3214,2976,3214,63980,VIB
2017-05-16,3214,3479,3214,3479,140547,VIB
2017-05-17,3773,3927,3619,3703,99635,VIB
2017-05-18,4416,4416,3298,3382,42831,VIB
2017-05-19,3382,3479,3228,3298,99690,VIB
2017-05-22,3423,3465,3228,3284,101918,VIB
2017-05-23,3354,3368,3284,3326,30000,VIB
2017-05-24,3354,3354,3074,3074,69055,VIB
2017-05-25,3102,3102,3032,3060,30545,VIB
2017-05-26,3074,3088,2948,3074,4924,VIB
2017-05-29,3074,3270,3074,3172,57110,VIB
2017-05-30,3186,3270,3130,3158,42619,VIB
2017-05-31,3214,3214,3144,3158,16824,VIB
2017-06-01,3270,3270,3074,3074,16940,VIB
2017-06-02,3263,3291,3148,3177,2580,VIB
2017-06-05,3177,3263,3148,3148,39900,VIB
2017-06-06,3162,3177,3148,3177,53340,VIB
2017-06-07,3277,3277,3162,3191,69855,VIB
2017-06-08,3162,3162,3148,3162,50310,VIB
2017-06-09,3148,3162,3148,3148,43100,VIB
2017-06-12,3148,3148,3148,3148,32600,VIB
2017-06-13,3162,3162,3134,3148,17910,VIB
2017-06-14,3162,3162,3134,3148,16820,VIB
2017-06-15,3148,3148,3148,3148,17320,VIB
2017-06-16,3162,3162,3005,3134,21702,VIB
2017-06-19,3148,3148,3134,3134,18800,VIB
2017-06-20,3162,3234,3162,3234,11400,VIB
2017-06-21,3248,3291,3248,3291,17760,VIB
2017-06-22,3177,3291,3177,3291,13800,VIB
2017-06-23,3263,3291,3220,3291,29797,VIB
2017-06-26,3291,3291,3263,3263,13584,VIB
2017-06-27,3234,3234,3220,3220,17335,VIB
2017-06-28,3220,3220,3220,3220,111030,VIB
2017-06-29,3220,3234,3220,3234,60500,VIB
2017-06-30,3220,3220,3148,3220,17069,VIB
2017-07-03,3220,3277,3220,3277,5100,VIB
2017-07-04,3234,3234,3234,3234,100,VIB
2017-07-05,3263,3291,3220,3291,62500,VIB
2017-07-06,3263,3291,3263,3263,21580,VIB
2017-07-07,3291,3291,3248,3248,6850,VIB
2017-07-10,3263,3263,3234,3263,15620,VIB
2017-07-11,3263,3263,3248,3263,210170,VIB
2017-07-12,3263,3277,3263,3263,169000,VIB
2017-07-13,3263,3263,3248,3248,800,VIB
2017-07-14,3248,3248,3234,3234,84050,VIB
2017-07-17,3234,3234,2933,2933,3992,VIB
2017-07-18,3191,3191,3034,3034,430,VIB
2017-07-19,3134,3248,3134,3148,50300,VIB
2017-07-20,3220,3234,3191,3191,84700,VIB
2017-07-21,3191,3191,3191,3191,66213,VIB
2017-07-24,3191,3191,3191,3191,0,VIB
2017-07-25,3076,3119,2933,3119,6600,VIB
2017-07-26,3248,3248,3148,3148,1000,VIB
2017-07-27,3191,3205,3177,3205,29500,VIB
2017-07-28,3191,3263,3148,3248,27957,VIB
2017-07-31,3220,3363,3205,3263,43600,VIB
2017-08-01,3277,3291,3220,3220,49930,VIB
2017-08-02,3291,3320,3220,3220,39100,VIB
2017-08-03,3220,3291,3205,3234,22150,VIB
2017-08-04,3248,3291,3220,3220,18020,VIB
2017-08-07,3277,3277,3220,3234,19600,VIB
2017-08-08,3234,3248,3191,3191,13500,VIB
2017-08-09,3177,3177,3148,3148,18469,VIB
2017-08-10,3148,3177,3105,3105,25810,VIB
2017-08-11,3148,3148,3148,3148,7300,VIB
2017-08-14,3148,3177,3119,3148,7066,VIB
2017-08-15,3220,3220,3134,3134,8120,VIB
2017-08-16,3148,3148,3134,3148,5600,VIB
2017-08-17,3134,3148,3105,3105,14780,VIB
2017-08-18,3119,3119,3119,3119,1700,VIB
2017-08-21,3119,3177,3076,3177,2389,VIB
2017-08-22,3148,3148,3076,3076,4321,VIB
2017-08-23,3105,3105,3091,3105,2665,VIB
2017-08-24,3105,3134,3105,3134,1601,VIB
2017-08-25,3134,3134,3076,3134,3600,VIB
2017-08-28,3134,3134,3076,3076,680,VIB
2017-08-29,3091,3091,3062,3076,3894,VIB
2017-08-30,3105,3105,3076,3076,5605,VIB
2017-08-31,3076,3076,2616,3033,19290,VIB
2017-09-01,3019,3134,3019,3134,6059,VIB
2017-09-05,3091,3105,3091,3091,3840,VIB
2017-09-06,3091,3091,2976,3091,6405,VIB
2017-09-07,3091,3105,3091,3091,30220,VIB
2017-09-08,3076,3148,3076,3148,2070,VIB
2017-09-11,3076,3148,3076,3148,2940,VIB
2017-09-12,3091,3134,3091,3091,6600,VIB
2017-09-13,3134,3134,3091,3091,7005,VIB
2017-09-14,3134,3148,3119,3148,9480,VIB
2017-09-15,3119,3119,3091,3105,10298,VIB
2017-09-18,3234,3264,3234,3264,17601,VIB
2017-09-19,3249,3309,3234,3309,34410,VIB
2017-09-20,3264,3264,3249,3264,10400,VIB
2017-09-21,3384,3416,3384,3416,15120,VIB
2017-09-22,3400,3431,3400,3400,7410,VIB
2017-09-25,3493,3509,3461,3509,10463,VIB
2017-09-26,3477,3493,3429,3461,47470,VIB
2017-09-27,3445,3461,3429,3429,9000,VIB
2017-09-28,3461,3461,3461,3461,10830,VIB
2017-09-29,3461,3461,3381,3461,9228,VIB
2017-10-02,3445,3461,3413,3429,57190,VIB
2017-10-03,3429,3429,3429,3429,2115,VIB
2017-10-04,3429,3509,3429,3509,30964,VIB
2017-10-05,3445,3461,3429,3429,12100,VIB
2017-10-06,3477,3477,3445,3445,4602,VIB
2017-10-09,3477,3525,3445,3445,31391,VIB
2017-10-10,3605,3605,3571,3571,33400,VIB
2017-10-11,3588,3588,3588,3588,16375,VIB
2017-10-12,3766,3818,3766,3818,23651,VIB
2017-10-13,3748,3818,3748,3783,19520,VIB
2017-10-16,3766,3853,3766,3853,11510,VIB
2017-10-17,3801,3801,3766,3783,14275,VIB
2017-10-18,3783,3783,3766,3766,24350,VIB
2017-10-19,3836,3836,3801,3836,8700,VIB
2017-10-20,3783,3783,3748,3748,60000,VIB
2017-10-23,3748,3801,3748,3748,53500,VIB
2017-10-24,3748,3818,3748,3818,14120,VIB
2017-10-25,3818,3836,3818,3836,37589,VIB
2017-10-26,3992,3992,3888,3888,5200,VIB
2017-10-27,3923,3923,3801,3801,8070,VIB
2017-10-30,3801,3870,3801,3870,910,VIB
2017-10-31,3801,3836,3801,3836,24370,VIB
2017-11-01,3766,4027,3766,3888,73766,VIB
2017-11-02,3853,3853,3766,3766,8900,VIB
2017-11-03,3801,3801,3766,3766,16450,VIB
2017-11-06,3853,3888,3835,3835,21650,VIB
2017-11-07,3870,3995,3870,3906,29525,VIB
2017-11-08,3906,3906,3888,3888,6800,VIB
2017-11-09,3870,3870,3835,3835,7267,VIB
2017-11-10,3817,3853,3817,3835,28010,VIB
2017-11-13,3817,3906,3817,3835,60120,VIB
2017-11-14,3867,3884,3867,3884,19732,VIB
2017-11-15,3867,3884,3867,3884,21744,VIB
2017-11-16,3867,3920,3867,3867,40856,VIB
2017-11-17,3884,3973,3884,3938,63913,VIB
2017-11-20,3920,4027,3920,4027,59000,VIB
2017-11-21,4009,4223,4009,4116,95892,VIB
2017-11-22,4134,4633,4134,4437,292899,VIB
2017-11-23,4437,4455,4134,4437,124542,VIB
2017-11-24,4437,4437,4276,4419,201020,VIB
2017-11-27,4366,4366,4187,4187,91689,VIB
2017-11-28,4134,4241,4098,4098,38889,VIB
2017-11-29,4116,4116,4098,4098,37515,VIB
2017-11-30,4116,4116,3973,3991,115471,VIB
2017-12-01,4009,4080,3920,4080,8680,VIB
2017-12-04,4009,4116,4009,4027,60110,VIB
2017-12-05,4098,4170,4027,4080,172390,VIB
2017-12-06,4063,4098,4063,4063,114705,VIB
2017-12-07,4080,4187,4009,4098,61103,VIB
2017-12-08,4152,4187,4098,4098,31131,VIB
2017-12-11,4098,4187,4063,4063,43357,VIB
2017-12-12,4063,4098,4009,4063,29300,VIB
2017-12-13,4063,4205,4063,4134,170413,VIB
2017-12-14,4152,4312,4152,4187,160203,VIB
2017-12-15,4205,4312,4205,4205,94491,VIB
2017-12-18,4330,4330,4098,4098,106059,VIB
2017-12-19,4098,4152,4063,4080,85153,VIB
2017-12-20,4118,4118,4082,4082,65330,VIB
2017-12-21,4092,4146,4092,4146,20110,VIB
2017-12-22,4146,4200,4128,4200,18340,VIB
2017-12-25,4128,4128,4039,4128,46610,VIB
2017-12-26,4110,4236,4110,4128,73382,VIB
2017-12-27,4164,4164,4128,4128,48600,VIB
2017-12-28,4145,4235,4145,4145,38900,VIB
2017-12-29,4181,4199,4145,4145,46720,VIB
2018-01-02,4145,4217,4109,4145,57022,VIB
2018-01-03,4212,4230,4158,4158,214767,VIB
2018-01-04,4212,4266,4158,4194,238386,VIB
2018-01-05,4194,4375,4194,4357,265531,VIB
2018-01-08,4429,4646,4429,4592,685881,VIB
2018-01-09,4664,4664,4501,4592,325410,VIB
2018-01-10,4664,4664,4573,4628,118480,VIB
2018-01-11,4610,4881,4573,4845,195003,VIB
2018-01-12,4845,5224,4845,5152,342285,VIB
2018-01-15,5080,5369,5080,5279,232284,VIB
2018-01-16,5260,5279,5152,5260,272020,VIB
2018-01-17,5423,5622,5423,5568,667921,VIB
2018-01-18,5568,5604,5514,5586,180355,VIB
2018-01-19,5604,5640,5550,5604,336315,VIB
2018-01-22,5604,5604,5260,5423,289855,VIB
2018-01-23,5423,5586,5333,5333,247292,VIB
2018-01-24,5397,5434,5343,5343,89610,VIB
2018-01-25,5379,5687,5253,5506,205113,VIB
2018-01-26,5416,5669,5397,5524,288220,VIB
2018-01-29,5542,5633,5506,5506,532714,VIB
2018-01-30,5579,5579,5452,5470,259170,VIB
2018-01-31,5506,5597,5488,5488,249980,VIB
2018-02-01,5524,5524,5415,5452,135640,VIB
2018-02-02,5470,5633,5361,5488,202452,VIB
2018-02-05,5452,5542,5415,5415,159860,VIB
2018-02-06,5361,5397,4670,4906,380515,VIB
2018-02-07,5452,5452,5270,5415,113260,VIB
2018-02-08,5452,5524,5452,5452,144631,VIB
2018-02-09,5433,5470,4961,5470,179530,VIB
2018-02-12,5506,5653,5506,5580,120420,VIB
2018-02-13,5562,5965,5562,5690,420640,VIB
2018-02-21,5874,5910,5782,5782,303603,VIB
2018-02-22,5800,5874,5690,5690,252910,VIB
2018-02-23,5580,5782,5506,5617,482752,VIB
2018-02-26,5672,5690,5617,5617,307770,VIB
2018-02-27,5672,5855,5635,5635,1317997,VIB
2018-02-28,5690,6424,5690,5965,2710823,VIB
2018-03-01,6112,6241,5965,5965,1051660,VIB
2018-03-02,5947,6388,5874,6241,1039155,VIB
2018-03-05,6315,6872,6315,6501,1476970,VIB
2018-03-06,6594,6742,6427,6742,796783,VIB
2018-03-07,6742,6965,6687,6909,1208059,VIB
2018-03-08,6928,7244,6909,7207,1397434,VIB
2018-03-09,7207,7374,7151,7188,1518327,VIB
2018-03-12,7262,7318,7021,7114,1980367,VIB
2018-03-13,7058,7411,7058,7374,506569,VIB
2018-03-14,7597,7875,7355,7875,787416,VIB
2018-03-15,7894,8154,7894,7987,763190,VIB
2018-03-16,7987,8135,7745,7987,647026,VIB
2018-03-19,8024,8043,7615,7652,904384,VIB
2018-03-20,7652,7727,7467,7522,1062474,VIB
2018-03-21,7522,7578,7244,7411,1276623,VIB
2018-03-22,7430,7430,7318,7392,206520,VIB
2018-03-23,7355,7355,7077,7244,669000,VIB
2018-03-26,7207,7374,7132,7337,298632,VIB
2018-03-27,7430,7522,7392,7411,237474,VIB
2018-03-28,7430,7448,7225,7262,249703,VIB
2018-03-29,7281,7801,7281,7597,539404,VIB
2018-03-30,7690,7690,7430,7522,181246,VIB
2018-04-02,7504,7522,7337,7485,342729,VIB
2018-04-03,7448,7522,7318,7318,218136,VIB
2018-04-04,7318,7430,7300,7300,407380,VIB
2018-04-05,7374,7411,7225,7262,377374,VIB
2018-04-06,7374,7374,7281,7318,241779,VIB
2018-04-09,7411,7411,7262,7411,430654,VIB
2018-04-10,7411,7708,7355,7671,1084989,VIB
2018-04-11,7708,7782,7485,7597,554047,VIB
2018-04-12,7615,7652,7430,7634,241614,VIB
2018-04-13,7634,7671,7392,7411,486574,VIB
2018-04-16,7411,7541,7281,7411,268427,VIB
2018-04-17,7411,7522,7411,7467,179800,VIB
2018-04-18,7485,7522,7355,7374,170387,VIB
2018-04-19,7504,7522,7058,7058,382395,VIB
2018-04-20,7058,7225,6872,7188,592550,VIB
2018-04-23,7188,7188,6687,6687,423470,VIB
2018-04-24,6687,6835,6427,6594,590373,VIB
2018-04-26,6687,6687,5851,5944,310907,VIB
2018-04-27,5944,6501,5944,6482,293365,VIB
2018-05-02,6389,6408,6204,6315,114976,VIB
2018-05-03,6129,6649,6036,6649,288680,VIB
2018-05-04,6649,6687,6501,6519,67676,VIB
2018-05-07,6445,6594,6445,6575,67380,VIB
2018-05-08,6687,6798,6557,6612,133891,VIB
2018-05-09,6594,6594,6501,6501,80076,VIB
2018-05-10,6371,6538,6315,6315,73710,VIB
2018-05-11,6185,6352,6148,6352,91270,VIB
2018-05-14,6241,6241,6129,6129,52792,VIB
2018-05-15,6296,6296,6204,6222,23548,VIB
2018-05-16,6185,6222,6074,6129,63545,VIB
2018-05-17,6111,6111,5981,6074,84803,VIB
2018-05-18,6018,6018,5721,5832,218800,VIB
2018-05-21,5832,5944,5758,5851,247809,VIB
2018-05-22,5851,5851,5553,5609,325349,VIB
2018-05-23,5479,5646,5442,5572,241212,VIB
2018-05-24,5572,5572,5461,5516,134127,VIB
2018-05-25,5479,5498,5405,5405,159510,VIB
2018-05-28,5479,5479,4810,4829,129800,VIB
2018-05-29,4922,5331,4922,5108,388556,VIB
2018-05-30,5163,5293,5108,5163,264240,VIB
2018-05-31,5145,5256,5126,5219,228678,VIB
2018-06-01,5201,5312,5201,5238,168520,VIB
2018-06-04,5201,5721,5201,5628,241940,VIB
2018-06-05,5628,5906,5572,5646,231470,VIB
2018-06-06,5646,5665,5572,5628,203835,VIB
2018-06-07,5665,5851,5646,5795,321188,VIB
2018-06-08,5758,5851,5683,5832,196600,VIB
2018-06-11,5758,5851,5683,5814,136430,VIB
2018-06-12,5739,5758,5535,5646,221750,VIB
2018-06-13,5609,5683,5572,5628,65360,VIB
2018-06-14,5572,5758,5386,5479,258925,VIB
2018-06-15,5461,5479,5423,5442,71408,VIB
2018-06-18,5442,5442,5219,5293,74900,VIB
2018-06-19,5201,5201,4922,5108,332150,VIB
2018-06-20,5108,5201,5033,5089,292100,VIB
2018-06-21,5108,5108,4978,5015,179910,VIB
2018-06-22,5052,5108,5015,5033,113860,VIB
2018-06-25,5108,5368,5071,5126,99960,VIB
2018-06-26,5108,5201,5015,5201,149204,VIB
2018-06-27,5108,5108,5015,5015,139110,VIB
2018-06-28,5015,5015,4959,4978,102785,VIB
2018-06-29,4978,5108,4922,5015,127100,VIB
2018-07-02,4922,4922,4736,4792,105050,VIB
2018-07-03,4829,4829,4458,4643,133870,VIB
2018-07-04,4736,4736,4495,4569,115940,VIB
2018-07-05,4476,4550,4272,4272,183200,VIB
2018-07-06,4402,4625,4179,4476,123610,VIB
2018-07-09,4458,4643,4365,4439,187190,VIB
2018-07-10,4550,4643,4495,4643,122857,VIB
2018-07-11,4643,4643,4346,4458,221260,VIB
2018-07-12,4513,4625,4458,4550,136405,VIB
2018-07-13,4550,4662,4532,4662,208367,VIB
2018-07-16,4643,4940,4606,4792,88160,VIB
2018-07-17,4773,4866,4662,4829,289500,VIB
2018-07-18,4829,5126,4829,5126,196967,VIB
2018-07-19,5071,5293,5071,5201,121080,VIB
2018-07-20,5052,5145,4940,5145,154600,VIB
2018-07-23,5201,5368,5201,5238,218470,VIB
2018-07-24,5275,5275,5033,5108,214700,VIB
2018-07-25,5145,5163,4978,4978,145406,VIB
2018-07-26,4996,4996,4885,4959,122983,VIB
2018-07-27,4940,5089,4940,5015,174447,VIB
2018-07-30,5033,5071,4903,5052,264477,VIB
2018-07-31,5052,5071,4922,5071,140610,VIB
2018-08-01,4996,5052,4940,4978,136000,VIB
2018-08-02,4978,4978,4885,4885,153300,VIB
2018-08-03,4996,5033,4940,4996,133560,VIB
2018-08-06,4940,4996,4940,4959,35850,VIB
2018-08-07,4978,4996,4959,4959,50110,VIB
2018-08-08,5015,5126,5015,5108,124484,VIB
2018-08-09,5108,5182,5071,5089,65537,VIB
2018-08-10,5126,5126,5015,5108,48130,VIB
2018-08-13,5071,5219,5033,5201,316830,VIB
2018-08-14,5163,5331,5145,5238,312454,VIB
2018-08-15,5256,5535,5256,5275,325463,VIB
2018-08-16,5256,5293,5145,5275,282780,VIB
2018-08-17,5256,5423,5238,5331,308447,VIB
2018-08-20,5331,5535,5331,5423,201856,VIB
2018-08-21,5423,5423,5331,5349,187478,VIB
2018-08-22,5386,5423,5312,5368,148473,VIB
2018-08-23,5312,5349,5256,5331,79536,VIB
2018-08-24,5293,5312,5163,5275,215500,VIB
2018-08-27,5219,5368,5219,5238,256327,VIB
2018-08-28,5256,5256,5089,5126,311046,VIB
2018-08-29,5145,5163,5108,5126,150166,VIB
2018-08-30,5126,5145,5089,5145,131330,VIB
2018-08-31,5145,5182,5126,5182,134172,VIB
2018-09-04,5126,5145,4978,4978,161706,VIB
2018-09-05,5015,5052,4848,4848,194858,VIB
2018-09-06,4829,4922,4792,4885,160024,VIB
2018-09-07,4810,4996,4810,4978,141564,VIB
2018-09-10,4959,4978,4940,4959,75950,VIB
2018-09-11,4959,5089,4959,5089,159062,VIB
2018-09-12,5071,5126,5071,5108,110337,VIB
2018-09-13,5108,5126,5015,5089,84362,VIB
2018-09-14,5089,5126,5071,5126,80439,VIB
2018-09-17,5108,5126,5089,5108,214360,VIB
2018-09-18,5071,5089,5033,5052,82001,VIB
2018-09-19,5052,5163,5052,5108,124830,VIB
2018-09-20,5108,5182,5108,5182,65009,VIB
2018-09-21,5126,5312,5126,5312,394745,VIB
2018-09-24,5368,5423,5275,5423,294120,VIB
2018-09-25,5386,5423,5368,5386,82285,VIB
2018-09-26,5275,5423,5275,5386,154326,VIB
2018-09-27,5386,5423,5349,5368,193540,VIB
2018-09-28,5368,5498,5312,5479,245696,VIB
2018-10-01,5442,5609,5442,5498,299675,VIB
2018-10-02,5498,5553,5461,5479,145154,VIB
2018-10-03,5498,5498,5386,5423,148574,VIB
2018-10-04,5386,5479,5386,5461,157062,VIB
2018-10-05,5461,5461,5368,5386,232935,VIB
2018-10-08,5442,5479,5312,5349,96360,VIB
2018-10-09,5312,5386,5312,5349,95550,VIB
2018-10-10,5331,5553,5293,5386,133675,VIB
2018-10-11,5312,5312,4736,5033,355890,VIB
2018-10-12,4959,5182,4829,5126,181585,VIB
2018-10-15,5071,5163,5052,5071,97020,VIB
2018-10-16,5089,5182,5089,5108,44371,VIB
2018-10-17,5126,5201,5089,5126,117118,VIB
2018-10-18,5126,5145,5071,5126,38940,VIB
2018-10-19,5108,5163,5015,5163,133103,VIB
2018-10-22,5145,5201,5126,5126,165925,VIB
2018-10-23,5126,5126,4996,5089,114162,VIB
2018-10-24,5052,5108,4940,4940,98910,VIB
2018-10-25,4922,4922,4736,4903,191387,VIB
2018-10-26,4903,4922,4810,4829,151443,VIB
2018-10-29,4848,4941,4848,4848,71305,VIB
2018-10-30,4848,4997,4848,4959,37830,VIB
2018-10-31,4941,5109,4941,5034,37810,VIB
2018-11-01,5034,5053,4941,4941,28450,VIB
2018-11-02,4997,5034,4922,4997,33570,VIB
2018-11-05,4997,4997,4848,4848,128500,VIB
2018-11-06,4959,4959,4866,4885,71090,VIB
2018-11-07,4971,5047,4971,5028,69325,VIB
2018-11-08,5104,5275,5104,5237,289879,VIB
2018-11-09,5275,5313,5104,5104,186775,VIB
2018-11-12,5123,5218,5047,5199,110900,VIB
2018-11-13,5180,5199,5085,5085,139469,VIB
2018-11-14,5123,5161,5104,5142,177325,VIB
2018-11-15,5123,5161,5085,5104,329305,VIB
2018-11-16,5143,5491,5143,5277,218161,VIB
2018-11-19,5357,5357,5304,5331,121564,VIB
2018-11-20,5331,5357,5224,5250,87110,VIB
2018-11-21,5224,5224,5090,5170,55840,VIB
2018-11-22,5170,5224,5170,5170,106280,VIB
2018-11-23,5170,5170,5090,5116,82770,VIB
2018-11-26,5143,5143,5036,5090,26507,VIB
2018-11-27,5116,5116,5036,5090,62468,VIB
2018-11-28,5090,5090,5009,5009,68204,VIB
2018-11-29,5063,5197,5036,5090,312382,VIB
2018-11-30,5116,5116,5009,5009,141238,VIB
2018-12-03,5090,5250,5090,5197,309658,VIB
2018-12-04,5197,5304,5197,5277,308347,VIB
2018-12-05,5197,5277,5170,5277,209600,VIB
2018-12-06,5224,5277,5197,5224,222209,VIB
2018-12-07,5224,5277,5224,5277,133635,VIB
2018-12-10,5250,5277,5143,5197,110418,VIB
2018-12-11,5197,5250,5170,5224,96690,VIB
2018-12-12,5224,5250,5197,5224,180370,VIB
2018-12-13,5224,5277,5197,5277,222617,VIB
2018-12-14,5250,5250,5143,5143,135890,VIB
2018-12-17,5170,5170,4956,5009,214850,VIB
2018-12-18,4956,4956,4795,4902,391730,VIB
2018-12-19,4902,4902,4822,4902,72615,VIB
2018-12-20,4848,5009,4848,5009,60650,VIB
2018-12-21,5009,5009,4875,4956,155198,VIB
2018-12-24,4929,4956,4902,4902,80306,VIB
2018-12-25,4875,4902,4741,4822,243521,VIB
2018-12-26,4822,4822,4768,4768,134000,VIB
2018-12-27,4848,4875,4795,4795,142186,VIB
2018-12-28,4822,4822,4688,4715,159827,VIB
2019-01-02,4822,4822,4741,4768,105940,VIB
2019-01-03,4768,4795,4661,4688,94022,VIB
2019-01-04,4688,4715,4688,4715,90100,VIB
2019-01-07,4715,4768,4715,4741,103010,VIB
2019-01-08,4741,4795,4715,4768,74270,VIB
2019-01-09,4768,4768,4688,4768,179328,VIB
2019-01-10,4768,4768,4741,4741,37260,VIB
2019-01-11,4768,4768,4715,4715,89760,VIB
2019-01-14,4715,4741,4688,4741,186352,VIB
2019-01-15,4715,4741,4715,4715,136947,VIB
2019-01-16,4741,4741,4715,4715,101491,VIB
2019-01-17,4741,4956,4741,4875,266939,VIB
2019-01-18,4848,4902,4741,4795,176810,VIB
2019-01-21,4715,4875,4715,4848,185630,VIB
2019-01-22,4822,4875,4795,4822,103953,VIB
2019-01-23,4768,4822,4768,4795,172040,VIB
2019-01-24,4795,4822,4795,4795,113264,VIB
2019-01-25,4741,4822,4098,4768,279045,VIB
2019-01-28,4768,4795,4715,4715,174757,VIB
2019-01-29,4715,5116,4661,4688,231879,VIB
2019-01-30,4688,4688,4607,4634,236161,VIB
2019-01-31,4661,4688,4607,4634,230369,VIB
2019-02-01,4688,4741,4634,4715,144549,VIB
2019-02-11,4715,4875,4715,4822,301836,VIB
2019-02-12,4848,4875,4098,4795,308075,VIB
2019-02-13,4822,4822,4098,4795,506627,VIB
2019-02-14,4768,4768,4688,4715,386473,VIB
2019-02-15,4741,4795,4715,4768,150918,VIB
2019-02-18,4768,4902,4768,4875,677480,VIB
2019-02-19,4848,5036,4848,4982,1060411,VIB
2019-02-20,4982,5170,4956,5143,745249,VIB
2019-02-21,5143,5197,5116,5170,775756,VIB
2019-02-22,5170,5920,4420,5063,463333,VIB
2019-02-25,5090,5143,5063,5090,277786,VIB
2019-02-26,5116,5116,5009,5063,390529,VIB
2019-02-27,5063,5063,5009,5036,321768,VIB
2019-02-28,5063,5063,4902,4956,444753,VIB
2019-03-01,4956,5009,4929,4982,156538,VIB
2019-03-04,4956,5143,4956,5090,350213,VIB
2019-03-05,5063,5090,5036,5063,253793,VIB
2019-03-06,5036,5813,4956,5143,572720,VIB
2019-03-07,5090,5224,5090,5143,277655,VIB
2019-03-08,5143,5170,5063,5090,183246,VIB
2019-03-11,5090,5143,5036,5116,273818,VIB
2019-03-12,5090,5224,5090,5197,418003,VIB
2019-03-13,5224,5411,4420,5304,933398,VIB
2019-03-14,5331,5331,4822,5277,192011,VIB
2019-03-15,5304,5304,5250,5277,263983,VIB
2019-03-18,5277,5331,5250,5304,371771,VIB
2019-03-19,5277,5331,5090,5224,386251,VIB
2019-03-20,5224,5224,4527,5170,573816,VIB
2019-03-21,5170,5197,5063,5063,293899,VIB
2019-03-22,5090,5143,5063,5143,252828,VIB
2019-03-25,5063,5090,4956,4982,318909,VIB
2019-03-26,5009,5036,4956,4956,242922,VIB
2019-03-27,5009,5036,4982,5009,141493,VIB
2019-03-28,5090,5116,5009,5090,469611,VIB
2019-03-29,5143,5197,5090,5090,513224,VIB
2019-04-01,5143,5170,5116,5143,452844,VIB
2019-04-02,5143,5197,5116,5143,443332,VIB
2019-04-03,5143,5170,5116,5143,265491,VIB
2019-04-04,5143,5224,5143,5197,457424,VIB
2019-04-05,5224,5224,5170,5197,211264,VIB
2019-04-08,5197,5224,5170,5224,438876,VIB
2019-04-09,5224,5250,5197,5197,511346,VIB
2019-04-10,5197,5197,5116,5170,226288,VIB
2019-04-11,5197,5197,5143,5170,118980,VIB
2019-04-12,5116,5170,5090,5143,99642,VIB
2019-04-16,5224,5224,5090,5143,72536,VIB
2019-04-17,5143,5170,5116,5143,237246,VIB
2019-04-18,5143,5170,5090,5090,163524,VIB
2019-04-19,5143,5143,5090,5090,84989,VIB
2019-04-22,5090,5116,5036,5090,167366,VIB
2019-04-23,5063,5063,4982,5036,207300,VIB
2019-04-24,5036,5090,5036,5063,94414,VIB
2019-04-25,5090,5090,5063,5090,80154,VIB
2019-04-26,5090,5143,5063,5090,82970,VIB
2019-05-02,5090,5090,5009,5009,219496,VIB
2019-05-03,5036,5036,4956,4956,211957,VIB
2019-05-06,4982,4982,4902,4929,151526,VIB
2019-05-07,4929,4929,4902,4929,51630,VIB
2019-05-08,4902,4902,4795,4875,225577,VIB
2019-05-09,4875,4902,4822,4848,99942,VIB
2019-05-10,4875,4902,4848,4902,183425,VIB
2019-05-13,4929,4956,4902,4929,182024,VIB
2019-05-14,4929,4956,4902,4956,152325,VIB
2019-05-15,4956,5009,4929,4982,156022,VIB
2019-05-16,4982,5036,4982,4982,138771,VIB
2019-05-17,4982,4982,4929,4982,468972,VIB
2019-05-20,4982,4982,4929,4929,400240,VIB
2019-05-21,4929,4982,4902,4956,497794,VIB
2019-05-22,4956,4956,4929,4956,224419,VIB
2019-05-23,4956,4956,4929,4929,102761,VIB
2019-05-24,4929,4929,4875,4902,229602,VIB
2019-05-27,4902,4902,4822,4875,289414,VIB
2019-05-28,4848,4848,4822,4848,128321,VIB
2019-05-29,4875,4875,4822,4822,188801,VIB
2019-05-30,4822,4848,4795,4822,210412,VIB
2019-05-31,4822,4875,4795,4822,405470,VIB
2019-06-03,4795,4822,4741,4795,260469,VIB
2019-06-04,4795,4795,4741,4795,83629,VIB
2019-06-05,4824,4963,4769,4824,139317,VIB
2019-06-06,4824,4824,4713,4713,186699,VIB
2019-06-07,4713,4741,4713,4741,60241,VIB
2019-06-10,4713,4741,4658,4658,134531,VIB
2019-06-11,4658,4686,4575,4603,398783,VIB
2019-06-12,4603,4603,4519,4547,178783,VIB
2019-06-13,4575,4575,4519,4547,87008,VIB
2019-06-14,4547,4630,4519,4630,114679,VIB
2019-06-17,4603,4658,4575,4630,178756,VIB
2019-06-18,4630,4630,4547,4575,163407,VIB
2019-06-19,4547,4575,4519,4575,118582,VIB
2019-06-20,4519,4658,4519,4630,119527,VIB
2019-06-21,4630,4658,4603,4630,103640,VIB
2019-06-24,4630,4630,4575,4603,176673,VIB
2019-06-25,4575,4603,4547,4575,110470,VIB
2019-06-26,4519,4630,4131,4575,125106,VIB
2019-06-27,4575,4630,4519,4519,346381,VIB
2019-06-28,4519,4547,4492,4547,87010,VIB
2019-07-01,4519,4603,4519,4575,67967,VIB
2019-07-02,4547,4603,4547,4575,117680,VIB
2019-07-03,4547,4713,4547,4713,270347,VIB
2019-07-04,4713,4880,4686,4797,353232,VIB
2019-07-05,4769,4824,4713,4741,120152,VIB
2019-07-08,4713,4769,4713,4741,124671,VIB
2019-07-09,4741,4741,4658,4686,330770,VIB
2019-07-10,4686,4713,4658,4686,142730,VIB
2019-07-11,4686,4713,4658,4713,123100,VIB
2019-07-12,4713,4935,4713,4908,932279,VIB
2019-07-15,4852,5129,4852,5074,1343285,VIB
2019-07-16,5074,5213,5074,5129,698955,VIB
2019-07-17,5102,5157,5046,5074,693465,VIB
2019-07-18,5046,5240,5046,5213,816850,VIB
2019-07-19,5157,5240,5157,5213,403092,VIB
2019-07-22,5213,5240,5074,5157,416059,VIB
2019-07-23,5157,5185,5129,5157,392927,VIB
2019-07-24,5157,5213,5102,5213,521440,VIB
2019-07-25,5185,5351,5185,5296,808122,VIB
2019-07-26,5296,5323,5268,5296,247162,VIB
2019-07-29,5296,5351,5185,5268,605087,VIB
2019-07-30,5240,5268,5157,5157,720903,VIB
2019-07-31,5185,5185,5129,5185,284724,VIB
2019-08-01,5185,5296,5157,5268,504959,VIB
2019-08-02,5213,5268,5185,5213,616708,VIB
2019-08-05,5213,5351,5213,5323,961081,VIB
2019-08-06,5268,5296,5185,5296,464308,VIB
2019-08-07,5296,5628,5268,5490,2129709,VIB
2019-08-08,5462,5573,5462,5545,850810,VIB
2019-08-09,5518,5601,5518,5545,1072208,VIB
2019-08-12,5518,5545,5462,5518,1009659,VIB
2019-08-13,5518,5545,5407,5434,816814,VIB
2019-08-14,5538,5800,5505,5538,613823,VIB
2019-08-15,5538,5865,5472,5833,1110270,VIB
2019-08-16,5833,6095,5800,6029,2004650,VIB
2019-08-19,6062,6160,5931,5964,999354,VIB
2019-08-20,5996,6029,5931,5964,808641,VIB
2019-08-21,5964,6062,5898,5964,849199,VIB
2019-08-22,6029,6029,5865,5865,1212959,VIB
2019-08-23,5833,5898,5833,5865,674649,VIB
2019-08-26,5865,5865,5767,5767,581693,VIB
2019-08-27,5800,5996,5767,5865,696571,VIB
2019-08-28,5865,5898,5701,5767,589189,VIB
2019-08-29,5767,5800,5701,5734,299058,VIB
2019-08-30,5734,5865,5701,5734,283709,VIB
2019-09-03,5734,5931,5701,5800,1892779,VIB
2019-09-04,5833,5833,5767,5767,470773,VIB
2019-09-05,5800,5833,5767,5800,200639,VIB
2019-09-06,5800,5833,4948,5800,394104,VIB
2019-09-09,5767,5800,4915,5669,373373,VIB
2019-09-10,5734,5734,4882,5505,1160010,VIB
2019-09-11,5570,5603,4751,5538,363566,VIB
2019-09-12,5570,5701,5570,5669,275870,VIB
2019-09-13,5603,5833,5570,5767,421173,VIB
2019-09-16,5800,5833,5701,5734,634311,VIB
2019-09-17,5734,5734,4915,5669,446116,VIB
2019-09-18,5734,5734,5603,5659,523204,VIB
2019-09-19,5636,5701,5603,5669,284498,VIB
2019-09-20,5669,5734,5636,5669,339186,VIB
2019-09-23,5669,5701,5636,5636,423166,VIB
2019-09-24,5636,5701,5636,5701,259714,VIB
2019-09-25,5669,5701,5636,5669,545662,VIB
2019-09-26,5669,5996,5669,5964,3517190,VIB
2019-09-27,5931,5996,5865,5865,1505276,VIB
2019-09-30,5931,5964,5865,5898,905936,VIB
2019-10-01,5964,5964,5833,5931,953689,VIB
2019-10-02,5898,6127,5865,6062,4110128,VIB
2019-10-03,6029,6127,5964,6095,1141200,VIB
2019-10-04,6095,6259,6029,6029,2102803,VIB
2019-10-07,6062,6095,5800,5865,1518344,VIB
2019-10-08,5996,5996,5046,5898,855694,VIB
2019-10-09,5898,5996,5898,5931,434738,VIB
2019-10-10,5964,6304,5898,5931,1500369,VIB
2019-10-11,5931,5996,5898,5964,203731,VIB
2019-10-14,5964,6127,5964,6095,1235571,VIB
2019-10-15,6095,6160,6062,6160,1318065,VIB
2019-10-16,6193,6226,5996,6029,1899559,VIB
2019-10-17,5996,6029,5898,5964,1005710,VIB
2019-10-18,5898,5964,5865,5865,945734,VIB
2019-10-21,5865,5898,5734,5767,1673569,VIB
2019-10-22,5767,5800,5734,5800,572700,VIB
2019-10-23,5800,5865,5800,5865,496720,VIB
2019-10-24,5865,5898,5800,5898,418143,VIB
2019-10-25,5833,5931,5833,5865,501944,VIB
2019-10-28,5898,5964,5833,5865,793094,VIB
2019-10-29,5865,5865,5046,5833,568237,VIB
2019-10-30,5833,5833,5800,5833,795806,VIB
2019-10-31,5833,5833,5734,5734,1057203,VIB
2019-11-01,5734,5833,5734,5833,429666,VIB
2019-11-04,5833,5898,5767,5865,511260,VIB
2019-11-05,5865,5865,5800,5833,397715,VIB
2019-11-06,5833,5931,5833,5833,835981,VIB
2019-11-07,5865,5964,5865,5931,1561682,VIB
2019-11-08,5898,5996,5865,5898,644993,VIB
2019-11-11,5898,5931,5833,5833,396485,VIB
2019-11-12,5833,5865,5833,5865,513589,VIB
2019-11-13,5865,5865,5800,5833,325803,VIB
2019-11-14,5833,5833,5767,5767,440565,VIB
2019-11-15,5800,5833,5767,5800,421823,VIB
2019-11-18,5800,5833,5734,5734,1209035,VIB
2019-11-19,5734,5800,5734,5767,359596,VIB
2019-11-20,5767,5833,5734,5767,741386,VIB
2019-11-21,5734,5734,5701,5734,423042,VIB
2019-11-22,5734,5767,5636,5734,703837,VIB
2019-11-25,5669,5701,5603,5669,246096,VIB
2019-11-26,5669,5734,5669,5669,326783,VIB
2019-11-27,5701,5734,5669,5701,245446,VIB
2019-11-28,5701,6521,5570,5636,739542,VIB
2019-11-29,5636,5636,5603,5603,380762,VIB
2019-12-02,5669,5669,5538,5570,390586,VIB
2019-12-03,5701,5767,4784,5439,748918,VIB
2019-12-04,5505,5570,5505,5570,366628,VIB
2019-12-05,5570,5570,5538,5538,524418,VIB
2019-12-06,5505,5538,5472,5505,189416,VIB
2019-12-09,5505,5538,4686,5505,223690,VIB
2019-12-10,5505,5505,5439,5472,520567,VIB
2019-12-11,5472,5505,5472,5505,281730,VIB
2019-12-12,5505,5669,5472,5505,332143,VIB
2019-12-13,5538,5603,5538,5538,247838,VIB
2019-12-16,5538,5570,5505,5538,141372,VIB
2019-12-17,5538,5538,5505,5538,214378,VIB
2019-12-18,5538,5685,5538,5570,169758,VIB
2019-12-19,5603,5669,5538,5603,362244,VIB
2019-12-20,5603,5636,5603,5636,157979,VIB
2019-12-23,5603,5721,5603,5701,254348,VIB
2019-12-24,5701,5734,5636,5701,214149,VIB
2019-12-25,5734,5865,5701,5833,702476,VIB
2019-12-26,5833,5833,5767,5800,361637,VIB
2019-12-27,5734,5833,5734,5767,348037,VIB
2019-12-30,5734,5800,5734,5734,322292,VIB
2019-12-31,5767,5767,5701,5669,198094,VIB
2020-01-02,5701,5767,5701,5767,371400,VIB
2020-01-03,5767,5800,5734,5734,391030,VIB
2020-01-06,5734,5734,5636,5636,359794,VIB
2020-01-07,5636,5669,5636,5636,114862,VIB
2020-01-08,5636,5636,5538,5538,516075,VIB
2020-01-09,5538,5669,5538,5570,559354,VIB
2020-01-10,5603,5636,5538,5570,720409,VIB
2020-01-13,5603,5701,5570,5669,527921,VIB
2020-01-14,5636,5734,5636,5734,359137,VIB
2020-01-15,5734,5734,5669,5669,379187,VIB
2020-01-16,5669,5800,5669,5734,690910,VIB
2020-01-17,5734,5833,5669,5701,805973,VIB
2020-01-20,5701,6136,5669,5734,1253362,VIB
2020-01-21,5767,5865,5767,5833,1106015,VIB
2020-01-22,5833,5865,5767,5833,584350,VIB
2020-01-30,5800,5800,5636,5669,848096,VIB
2020-01-31,5669,5669,5570,5603,988717,VIB
2020-02-03,5505,5603,5407,5603,1299169,VIB
2020-02-04,5603,5636,5505,5636,712734,VIB
2020-02-05,5636,5734,5636,5669,742628,VIB
2020-02-06,5701,5800,5636,5800,760378,VIB
2020-02-07,5767,5767,5701,5734,360258,VIB
2020-02-10,5734,5734,5570,5570,743200,VIB
2020-02-11,5636,5669,5603,5669,491576,VIB
2020-02-12,5636,5800,5636,5734,653767,VIB
2020-02-13,5734,6062,5701,5964,3715862,VIB
2020-02-14,5931,6127,5898,6029,1963866,VIB
2020-02-17,6062,6095,5964,5996,973460,VIB
2020-02-18,5996,6029,5996,5865,1518563,VIB
2020-02-19,5898,5931,5865,5931,992359,VIB
2020-02-20,5931,6029,5898,5996,597245,VIB
2020-02-21,5964,6291,5964,6160,4777915,VIB
2020-02-24,6160,6160,5800,5865,2291673,VIB
2020-02-25,5767,5964,5701,5898,1761731,VIB
2020-02-26,5833,5898,5669,5833,1730855,VIB
2020-02-27,5833,6062,5800,6029,1355949,VIB
2020-02-28,5964,5996,5865,5931,1909126,VIB
2020-03-02,5898,6029,5833,5996,1282104,VIB
2020-03-03,5996,6127,5996,5996,1753520,VIB
2020-03-04,5996,6029,5964,6029,717445,VIB
2020-03-05,6029,6127,5931,5964,1430847,VIB
2020-03-06,6029,6029,5865,5964,878862,VIB
2020-03-09,5865,5865,5013,5275,5896152,VIB
2020-03-10,5243,5636,5210,5603,2161508,VIB
2020-03-11,5636,5636,5210,5439,2299550,VIB
2020-03-12,5275,5341,4981,5144,2366087,VIB
2020-03-13,4915,5210,4718,5046,2739933,VIB
2020-03-16,5079,5112,4882,4948,1053796,VIB
2020-03-17,4915,4981,4227,4915,1369993,VIB
2020-03-18,4882,5013,4882,4915,609580,VIB
2020-03-19,4915,5243,4751,4817,764288,VIB
2020-03-20,4817,4882,4784,4817,324349,VIB
2020-03-23,4784,4817,4227,4292,1989844,VIB
2020-03-24,4358,4456,4260,4456,807017,VIB
2020-03-25,4522,4784,4489,4751,1192400,VIB
2020-03-26,4653,4784,4489,4522,648007,VIB
2020-03-27,4456,4620,4456,4489,310649,VIB
2020-03-30,4260,4456,4063,4161,900039,VIB
2020-03-31,4227,4358,4096,4194,925612,VIB
2020-04-01,4227,4358,4194,4325,294770,VIB
2020-04-03,4325,4456,4292,4423,795050,VIB
2020-04-06,4423,4718,4423,4686,1020978,VIB
2020-04-07,4718,4817,4587,4686,650240,VIB
2020-04-08,4686,4686,4555,4620,592808,VIB
2020-04-09,4653,4718,4620,4718,1074312,VIB
2020-04-10,4718,4718,4620,4653,612012,VIB
2020-04-13,4653,4751,4587,4653,551333,VIB
2020-04-14,4686,4751,4620,4653,576043,VIB
2020-04-15,4686,4915,4686,4784,2079760,VIB
2020-04-16,4817,4849,4718,4817,488261,VIB
2020-04-17,4817,5308,4817,4817,1244355,VIB
2020-04-20,4882,5013,4817,4849,1312060,VIB
2020-04-21,4915,4981,4653,4718,1196775,VIB
2020-04-22,4653,4817,4555,4751,928810,VIB
2020-04-23,4751,4882,4751,4751,353550,VIB
2020-04-24,4751,4784,4718,4718,363171,VIB
2020-04-27,4718,4784,4653,4718,466516,VIB
2020-04-28,4718,4751,4653,4751,385960,VIB
2020-04-29,4751,4784,4718,4751,418833,VIB
2020-05-04,4751,4751,4686,4686,350874,VIB
2020-05-05,4686,4718,4653,4686,207333,VIB
2020-05-06,4686,4784,4686,4718,527580,VIB
2020-05-07,4686,4784,4686,4751,339828,VIB
2020-05-08,4751,4948,4751,4849,1165615,VIB
2020-05-11,4849,5013,4817,5013,1287559,VIB
2020-05-12,5013,5046,4915,5046,980524,VIB
2020-05-13,4981,5079,4292,5013,619390,VIB
2020-05-14,5013,5013,4948,4981,822910,VIB
2020-05-15,4981,5013,4882,4915,572365,VIB
2020-05-18,4915,5669,4227,4948,501442,VIB
2020-05-19,4981,5079,4981,5013,1086727,VIB
2020-05-20,5013,5013,4948,4948,783043,VIB
2020-05-21,4981,5669,4260,5046,887025,VIB
2020-05-22,5046,5243,5013,5112,1648500,VIB
2020-05-25,5177,5308,4358,5243,1546574,VIB
2020-05-26,5243,5964,4718,5374,949626,VIB
2020-05-27,5374,5439,5275,5308,2058493,VIB
2020-05-28,5308,5341,5243,5308,912036,VIB
2020-05-29,5308,5374,5275,5341,654976,VIB
2020-06-01,5341,5603,4555,5538,2093625,VIB
2020-06-02,5538,5636,5472,5570,992502,VIB
2020-06-03,5570,5800,5570,5800,2254645,VIB
2020-06-04,5767,5898,5767,5800,1346102,VIB
2020-06-05,5800,5833,5701,5767,1715045,VIB
2020-06-08,5767,5898,5734,5865,1170012,VIB
2020-06-09,5833,5898,5767,5898,1939347,VIB
2020-06-10,5865,5865,5734,5833,1027828,VIB
2020-06-11,5800,5898,5505,5570,2450732,VIB
2020-06-12,5407,5734,5407,5669,1346718,VIB
2020-06-15,5669,5701,5472,5538,894516,VIB
2020-06-16,5570,6390,5538,5636,910998,VIB
2020-06-17,5669,5669,5570,5603,508649,VIB
2020-06-18,5603,5669,5570,5669,216642,VIB
2020-06-19,5603,5767,5603,5734,379358,VIB
2020-06-22,5767,5767,5701,5734,452918,VIB
2020-06-23,5734,5767,5554,5734,497628,VIB
2020-06-24,5734,5833,5701,5767,613284,VIB
2020-06-25,5636,5833,5636,5833,795653,VIB
2020-06-26,5833,5833,5734,5767,444060,VIB
2020-06-29,5767,5767,5636,5701,695034,VIB
2020-06-30,5734,5800,5636,5701,505813,VIB
2020-07-01,5734,5800,5701,5800,504327,VIB
2020-07-02,5800,5833,5734,5800,1319895,VIB
2020-07-03,5833,5833,5800,5800,440727,VIB
2020-07-06,5800,5833,5734,5800,725536,VIB
2020-07-07,5833,5865,5800,5833,700953,VIB
2020-07-08,5833,6127,5800,6029,1859618,VIB
2020-07-09,6029,6226,5079,6160,1546175,VIB
2020-07-10,6160,6160,5996,6062,1130622,VIB
2020-07-13,6062,6160,5996,6029,609791,VIB
2020-07-14,6029,6947,5177,6029,366626,VIB
2020-07-15,6062,6291,6029,6226,2018401,VIB
2020-07-16,6226,6455,6226,6390,1977932,VIB
2020-07-17,6422,7340,6324,6422,960045,VIB
2020-07-20,6422,6521,5439,6488,1786914,VIB
2020-07-21,6455,6619,6455,6619,1561773,VIB
2020-07-22,6685,6816,6619,6717,1767643,VIB
2020-07-23,6717,7733,6554,6652,1273565,VIB
2020-07-24,6652,7537,6193,6324,3268484,VIB
2020-07-27,6226,6226,5734,5800,3379143,VIB
2020-07-28,5833,6160,5800,6095,1486515,VIB
2020-07-29,6095,6095,5570,5734,1347306,VIB
2020-07-30,5734,5898,5734,5800,1069882,VIB
2020-07-31,5734,5996,5669,5898,955484,VIB
2020-08-03,5931,6193,5243,6193,1716060,VIB
2020-08-04,6193,6357,5570,6226,1205530,VIB
2020-08-05,6226,6324,6193,6259,772175,VIB
2020-08-06,6554,7209,6259,6390,1657359,VIB
2020-08-07,6554,6554,6324,6357,700448,VIB
2020-08-10,6357,6554,6357,6455,1232135,VIB
2020-08-11,6488,6652,6455,6619,1816914,VIB
2020-08-12,6619,6848,6619,6783,2908268,VIB
2020-08-13,6750,6914,6750,6816,1569494,VIB
2020-08-14,6816,6816,6652,6652,1288597,VIB
2020-08-17,6717,6783,6619,6750,480014,VIB
2020-08-18,6750,6947,6685,6848,1520983,VIB
2020-08-19,6848,6914,6816,6848,930177,VIB
2020-08-20,6848,6980,6816,6848,1394638,VIB
2020-08-21,6848,6980,6848,6947,927842,VIB
2020-08-24,6914,7045,6914,7012,1997809,VIB
2020-08-25,7078,7242,7045,7143,4105763,VIB
2020-08-26,7143,7438,7143,7274,1749787,VIB
2020-08-27,7274,7406,7274,7406,1062067,VIB
2020-08-28,7438,7438,7340,7406,1382505,VIB
2020-08-31,7406,7471,7143,7209,2777800,VIB
2020-09-01,7209,7274,7143,7242,572944,VIB
2020-09-03,7274,7602,7274,7504,1877480,VIB
2020-09-04,7537,7537,7307,7438,1152863,VIB
2020-09-07,7438,7504,7340,7340,1154881,VIB
2020-09-08,7340,7406,7274,7373,711262,VIB
2020-09-09,7242,7340,7209,7340,880072,VIB
2020-09-10,7373,7406,7307,7340,511931,VIB
2020-09-11,7340,7373,7307,7373,303811,VIB
2020-09-14,7373,7438,7373,7438,592291,VIB
2020-09-15,7406,7799,7406,7700,1962694,VIB
2020-09-16,7766,7832,7635,7700,586193,VIB
2020-09-17,7700,7766,7668,7700,713588,VIB
2020-09-18,7700,8192,7700,8192,2411775,VIB
2020-09-21,8192,8454,8159,8225,1260312,VIB
2020-09-22,8258,8290,8126,8225,648599,VIB
2020-09-23,8225,8552,8225,8454,2685712,VIB
2020-09-24,8421,8520,8356,8454,1733246,VIB
2020-09-25,8389,8684,8389,8684,1326769,VIB
2020-09-28,8684,8946,8684,8946,1345184,VIB
2020-09-29,9011,9175,8913,9077,2287410,VIB
2020-09-30,9044,9142,8913,9077,846611,VIB
2020-10-01,9077,9503,9077,9503,2157149,VIB
2020-10-02,9503,9765,9306,9634,3403611,VIB
2020-10-05,9568,9994,9568,9962,9261755,VIB
2020-10-06,9994,11076,9962,11043,4105332,VIB
2020-10-07,10814,11141,10650,10977,5216785,VIB
2020-10-08,10977,11010,9732,10814,3414269,VIB
2020-10-09,10814,10912,10715,10814,1151915,VIB
2020-10-12,10814,10977,10650,10715,2466531,VIB
2020-10-13,10683,10715,10289,10453,2046090,VIB
2020-10-14,10453,10453,9962,10355,2081025,VIB
2020-10-15,10322,10519,10158,10519,574261,VIB
2020-10-16,10486,11076,10486,10879,1800897,VIB
2020-10-19,10977,11174,10945,11076,878039,VIB
2020-10-20,11010,11305,10748,11010,691169,VIB
2020-10-21,11043,11043,10813,11010,1099607,VIB
2020-10-22,11010,11010,10846,10912,349886,VIB
2020-10-23,11010,11076,10879,11010,1470198,VIB
2020-10-26,11010,11043,10715,10912,1199940,VIB
2020-10-27,10912,10912,10682,10780,969133,VIB
2020-10-28,10583,10780,10419,10715,1639048,VIB
2020-10-29,10517,10945,10419,10780,945188,VIB
2020-11-10,11175,11208,10780,10780,1745460,VIB
2020-11-11,10846,10862,10747,10747,834380,VIB
2020-11-12,10715,10846,10715,10797,908760,VIB
2020-11-13,10846,10846,10764,10830,1097190,VIB
2020-11-16,10846,10862,10731,10797,866930,VIB
2020-11-17,10797,10846,10780,10813,1185510,VIB
2020-11-18,10715,10830,10715,10830,963360,VIB
2020-11-19,11323,11323,11086,11165,1224460,VIB
2020-11-20,11204,11204,11086,11125,422520,VIB
2020-11-23,11125,11125,10849,11027,493780,VIB
2020-11-24,11027,11047,10849,11027,601450,VIB
2020-11-25,11027,11047,10968,11047,497760,VIB
2020-11-26,11027,11047,10908,11047,518170,VIB
2020-11-27,11027,11047,10987,11047,356110,VIB
2020-11-30,11047,11047,10889,10889,313150,VIB
2020-12-01,10731,11638,10731,11638,3254230,VIB
2020-12-02,11875,12447,11836,12447,1697450,VIB
2020-12-03,13118,13315,12783,12783,1280960,VIB
2020-12-04,12625,13019,12250,12861,1539490,VIB
2020-12-07,12861,12940,12585,12664,734790,VIB
2020-12-08,12664,13157,12605,12861,897840,VIB
2020-12-09,12940,12960,12704,12704,821210,VIB
2020-12-10,12704,12783,12447,12506,789190,VIB
2020-12-11,12506,12822,12388,12664,968860,VIB
2020-12-14,12664,12783,12566,12566,778310,VIB
2020-12-15,12546,12940,12506,12605,720170,VIB
2020-12-16,12605,12822,12585,12783,794690,VIB
2020-12-17,12822,13216,12625,12940,2055240,VIB
2020-12-18,13019,13177,12881,13098,585030,VIB
2020-12-21,13098,13414,13098,13315,639870,VIB
2020-12-22,13216,13315,13078,13197,678900,VIB
2020-12-23,13157,13197,12921,12921,845870,VIB
2020-12-24,12921,13019,12546,12664,789260,VIB
2020-12-25,12625,12980,12585,12940,446980,VIB
2020-12-28,13098,13177,12802,12921,871930,VIB
2020-12-29,12921,12980,12861,12980,360210,VIB
2020-12-30,13098,13216,12980,13019,860320,VIB
2020-12-31,12940,13059,12783,12783,1390750,VIB
2021-01-04,12960,13098,12901,13019,946800,VIB
2021-01-05,13019,13927,13019,13927,2145100,VIB
2021-01-06,14203,14499,13927,13946,711000,VIB
2021-01-07,13927,13927,13650,13808,1036700,VIB
2021-01-08,13808,14006,13710,13710,1291700,VIB
2021-01-11,13808,13808,13572,13591,1011300,VIB
2021-01-12,13453,13769,13453,13591,605200,VIB
2021-01-13,13769,13887,13670,13690,1052400,VIB
2021-01-14,13710,14006,13710,13887,818400,VIB
2021-01-15,14006,14183,14006,14065,824200,VIB
2021-01-18,14045,14124,13927,13927,661800,VIB
2021-01-19,13808,13927,12960,13019,1032900,VIB
2021-01-20,13019,13216,12132,13000,850500,VIB
2021-01-21,13216,13453,13019,13453,606100,VIB
2021-01-22,13532,13532,13414,13473,646900,VIB
2021-01-25,13493,13493,13335,13473,411700,VIB
2021-01-26,13473,13473,13019,13059,500000,VIB
2021-01-27,13019,13374,12940,13197,842600,VIB
2021-01-28,12309,13019,12289,12289,1079800,VIB
2021-01-29,11520,12625,11520,12467,457900,VIB
2021-02-01,12625,12625,12112,12250,284300,VIB
2021-02-02,12230,12625,12230,12605,387700,VIB
2021-02-03,12822,13374,12625,13374,541300,VIB
2021-02-04,13414,13414,13138,13335,314600,VIB
2021-02-05,13374,14006,13335,13966,1534500,VIB
2021-02-08,14006,14361,13453,13729,1354400,VIB
2021-02-09,13572,14203,13572,14203,1091900,VIB
2021-02-17,14203,14913,14163,14893,1141900,VIB
2021-02-18,14874,14874,14518,14775,787100,VIB
2021-02-19,14518,14992,14518,14834,531800,VIB
2021-02-22,14913,14952,14755,14874,1128900,VIB
2021-02-23,14795,14952,13848,14676,1401200,VIB
2021-02-24,14696,14933,14696,14755,903200,VIB
2021-02-25,14755,15189,14755,15169,975600,VIB
2021-02-26,14992,15702,14992,15663,1099700,VIB
2021-03-01,16176,16748,16136,16748,991400,VIB
2021-03-02,17556,17596,16807,17201,1116000,VIB
2021-03-03,17004,17122,16984,17044,687500,VIB
2021-03-04,17044,17063,16452,16570,1035500,VIB
2021-03-05,16570,17162,16097,17083,509000,VIB
2021-03-08,17320,17320,16965,17024,486000,VIB
2021-03-09,16965,17083,16846,16965,321700,VIB
2021-03-10,16905,16984,16886,16945,319900,VIB
2021-03-11,17280,17280,17044,17063,338700,VIB
2021-03-12,17103,17359,17103,17142,445400,VIB
2021-03-15,17320,17359,17201,17241,496100,VIB
2021-03-16,17320,17359,17122,17162,323100,VIB
2021-03-17,17162,18345,17162,18148,1321300,VIB
2021-03-18,18148,18345,17793,18050,547600,VIB
2021-03-19,18050,18069,17990,18030,657700,VIB
2021-03-22,18148,18188,17793,17813,712000,VIB
2021-03-23,17813,17833,16965,17556,609600,VIB
2021-03-24,17399,17556,17201,17280,743900,VIB
2021-03-25,17280,17320,16965,17004,949400,VIB
2021-03-26,17004,17280,16570,17063,629900,VIB
2021-03-29,17083,17339,17063,17339,249800,VIB
2021-03-30,17359,18345,17359,18306,1177200,VIB
2021-03-31,18503,19450,18503,19095,1462600,VIB
2021-04-01,19312,19726,19095,19687,992400,VIB
2021-04-02,19687,20200,19529,20003,641300,VIB
2021-04-05,21107,21107,20121,21028,1321700,VIB
2021-04-06,20949,21896,20949,21147,892000,VIB
2021-04-07,21147,21147,20871,21028,621500,VIB
2021-04-08,21028,21028,19726,20200,1307400,VIB
2021-04-09,20003,20042,19707,20003,1408300,VIB
2021-04-12,20003,20949,20003,20910,436400,VIB
2021-04-13,20910,21028,20437,20515,659400,VIB
2021-04-14,20358,20831,20121,20634,746000,VIB
2021-04-15,20673,20910,20279,20476,708300,VIB
2021-04-16,20437,20476,19924,20121,367600,VIB
2021-04-19,20121,20555,20121,20515,565800,VIB
2021-04-20,20713,21541,20713,21305,1844000,VIB
2021-04-22,21305,21502,21028,21028,751500,VIB
2021-04-23,20910,21028,20318,21028,934600,VIB
2021-04-26,21107,21462,20831,21226,994200,VIB
2021-04-27,21226,21265,20555,21028,654900,VIB
2021-04-28,21028,21699,20910,21620,1008500,VIB
2021-04-29,21660,21975,21660,21936,1907900,VIB
2021-05-04,21226,21936,20949,21857,614200,VIB
2021-05-05,22094,22094,21423,21699,1127000,VIB
2021-05-06,21699,23198,21699,23080,2135700,VIB
2021-05-07,23080,23277,22606,23159,487500,VIB
2021-05-10,23040,23474,23040,23277,731100,VIB
2021-05-11,23672,24461,23474,24185,1352500,VIB
2021-05-12,24145,24658,24027,24303,1042400,VIB
2021-05-13,24145,24421,24145,24145,1129600,VIB
2021-05-14,24145,24658,23869,24579,1461700,VIB
2021-05-17,24303,24579,23987,24066,1108700,VIB
2021-05-18,23908,23908,22725,23119,2193900,VIB
2021-05-19,23672,24066,23001,23869,1798100,VIB
2021-05-20,23908,24461,23908,24382,1435100,VIB
2021-05-21,24421,24461,24066,24185,1202400,VIB
2021-05-24,24185,24382,23987,24066,1111800,VIB
2021-05-25,24066,24066,23869,24066,859100,VIB
2021-05-26,24185,25013,24185,24855,1605000,VIB
2021-05-27,25644,25644,25053,25171,1727700,VIB
2021-05-28,25250,25447,25053,25368,798200,VIB
2021-05-31,25566,27104,25447,27025,1273300,VIB
2021-06-01,27617,28406,27223,28130,1593800,VIB
2021-06-02,27933,28485,27617,28406,1429100,VIB
2021-06-03,28406,29353,28406,29195,1101900,VIB
2021-06-04,29550,29945,28919,29195,1296600,VIB
2021-06-07,29353,29511,27183,28485,1292800,VIB
2021-06-08,28485,28801,27223,27578,1083700,VIB
2021-06-09,28157,29262,27881,28986,1630400,VIB
2021-06-10,28709,29814,28157,28654,1063900,VIB
2021-06-11,28709,29317,27881,29096,1732100,VIB
2021-06-14,29096,29151,28544,28599,1312700,VIB
2021-06-15,28599,28599,28047,28047,1033400,VIB
2021-06-16,27605,28157,27467,27495,1315900,VIB
2021-06-17,26556,27881,26556,27605,743400,VIB
2021-06-18,28157,28157,27605,27826,493600,VIB
2021-06-21,27937,28433,27826,27826,930900,VIB
2021-06-22,28157,28157,27716,27937,1040400,VIB
2021-06-23,28047,28378,27881,27881,1426500,VIB
2021-06-24,27881,28157,27495,27605,614800,VIB
2021-06-25,27605,27605,26943,27108,1049500,VIB
2021-06-28,27108,27881,26501,27578,2421700,VIB
2021-06-29,27826,28102,27550,27605,1040100,VIB
2021-06-30,27605,27716,27219,27302,429100,VIB
2021-07-01,27108,27605,26943,27108,746100,VIB
2021-07-02,27329,28047,27108,27660,1492800,VIB
2021-07-05,28157,28157,27412,27716,1295000,VIB
2021-07-06,27826,28654,27716,27881,4712400,VIB
2021-07-07,27716,27716,26501,27495,1467100,VIB
2021-07-08,27578,28544,27384,28378,3395700,VIB
2021-07-09,28378,29814,27937,28930,6018900,VIB
2021-07-12,28709,28709,26915,27164,2804300,VIB
2021-07-13,27716,27716,25949,26335,3357800,VIB
2021-07-14,25562,26225,24513,24513,4387400,VIB
2021-07-15,24293,25397,23464,24789,2070800,VIB
2021-07-16,25121,25286,24707,24762,794000,VIB
2021-07-19,23796,23796,23050,23050,2165100,VIB
2021-07-20,22636,23188,21532,23188,3838200,VIB
2021-07-21,23740,23740,22691,22691,737300,VIB
2021-07-22,22636,23133,22084,23023,1200700,VIB
2021-07-23,22857,22912,22195,22195,1449500,VIB
2021-07-26,21560,22084,21090,21284,1706700,VIB
2021-07-27,21587,22084,21422,21918,894300,VIB
2021-07-28,21532,22691,21532,22250,1223300,VIB
2021-07-29,22277,22553,22277,22388,753200,VIB
2021-07-30,22415,23023,22415,22967,1881100,VIB
2021-08-02,22967,23161,22636,23050,2011500,VIB
2021-08-03,23133,23188,22802,22967,1278600,VIB
2021-08-04,22995,23023,22747,22829,1199200,VIB
2021-08-05,22829,23299,22636,23188,2093700,VIB
2021-08-06,23299,23326,23023,23023,1293000,VIB
2021-08-09,22940,23271,22719,23188,1313300,VIB
2021-08-10,23464,23464,23050,23078,1496400,VIB
2021-08-11,23133,23409,22940,22967,1322800,VIB
2021-08-12,22967,23023,22636,22636,1851400,VIB
2021-08-13,22636,22802,22305,22526,1376200,VIB
2021-08-16,22526,23133,22305,23078,1880000,VIB
2021-08-17,23354,23382,22912,22995,1469900,VIB
2021-08-18,22995,23023,22636,22691,2068000,VIB
2021-08-19,22581,22636,22360,22388,1031300,VIB
2021-08-20,22526,22526,20869,21366,2610200,VIB
2021-08-23,21256,21366,19876,19876,4861200,VIB
2021-08-24,19710,20207,19186,19793,1408500,VIB
2021-08-25,19903,20704,19903,20428,905800,VIB
2021-08-26,20428,20593,19986,20041,800500,VIB
2021-08-27,19655,20041,19047,19876,1539400,VIB
2021-08-30,19876,20207,19765,20124,1141100,VIB
2021-08-31,20428,20593,19876,20014,917400,VIB
2021-09-01,19876,19986,19820,19903,625300,VIB
2021-09-06,19876,19986,19600,19765,1040400,VIB
2021-09-07,19820,20400,19820,20152,1478100,VIB
2021-09-08,20317,20566,20096,20179,1361300,VIB
2021-09-09,20207,20207,19986,20207,459800,VIB
2021-09-10,20235,20262,19931,20041,727600,VIB
2021-09-13,19986,20041,19710,19820,867700,VIB
2021-09-14,19820,19820,19517,19544,860700,VIB
2021-09-15,19434,19544,19324,19406,574500,VIB
2021-09-16,19489,20041,19406,19434,450000,VIB
2021-09-17,19462,19986,19434,19876,730600,VIB
2021-09-20,20096,21256,20096,21256,4016300,VIB
2021-09-21,21256,21808,21035,21808,3518600,VIB
2021-09-22,22084,22084,21366,21422,1070500,VIB
2021-09-23,21311,21422,20842,20869,3012400,VIB
2021-09-24,20980,21366,20980,21228,2162100,VIB
2021-09-27,21146,21228,20152,20152,1536300,VIB
2021-09-28,20207,20428,19931,20152,994900,VIB
2021-09-29,20124,20179,19627,19848,1640700,VIB
2021-09-30,19820,20124,19434,19517,2048800,VIB
2021-10-01,19517,19627,18937,18937,1665800,VIB
2021-10-04,18992,19268,18357,18357,2270200,VIB
2021-10-05,18440,19020,18440,19020,1440200,VIB
2021-10-06,19020,19213,18937,19047,851600,VIB
2021-10-07,18992,19186,18661,18965,1000800,VIB
2021-10-08,19103,19130,18771,19103,1130300,VIB
2021-10-11,19268,19710,19268,19682,1405400,VIB
2021-10-12,19986,20152,19848,19931,1387900,VIB
2021-10-13,19986,20041,19600,19986,1082400,VIB
2021-10-14,20096,20428,19958,20096,825400,VIB
2021-10-15,20096,20373,19876,20262,1249900,VIB
2021-10-18,20262,20373,19876,20179,863800,VIB
2021-10-19,20235,20235,19820,20096,783300,VIB
2021-10-20,19986,20428,19793,20207,1255700,VIB
2021-10-21,20262,20593,20096,20373,1664600,VIB
2021-10-22,20400,20566,20124,20373,925900,VIB
2021-10-25,20373,20373,19876,19958,660000,VIB
2021-10-26,19876,20317,19710,20317,1187100,VIB
2021-10-27,20428,20511,20041,20483,1824500,VIB
2021-10-28,20483,20704,20152,20538,1146700,VIB
2021-10-29,20511,20538,20207,20428,1051800,VIB
2021-11-01,20428,20483,20179,20207,847700,VIB
2021-11-02,20179,20676,19958,20676,1442400,VIB
2021-11-03,20731,21532,20704,21366,3039500,VIB
2021-11-04,21477,21560,21063,21146,671500,VIB
2021-11-05,21201,21228,20704,20980,758900,VIB
2021-11-08,20980,21532,20649,20787,1539500,VIB
2021-11-09,20814,21146,20759,20980,1364000,VIB
2021-11-10,20980,21035,20787,20925,988300,VIB
2021-11-11,20925,20980,20262,20869,1649900,VIB
2021-11-12,20925,21173,20428,21146,988000,VIB
2021-11-15,21532,21532,21063,21173,1746800,VIB
2021-11-16,21090,21422,20897,21007,1692400,VIB
2021-11-17,20980,21256,20869,21173,1411100,VIB
2021-11-18,21173,21173,20787,20869,1255200,VIB
2021-11-19,20869,21808,20787,21532,5956800,VIB
2021-11-22,22029,23023,21863,23023,8375900,VIB
2021-11-23,23244,23299,22415,23133,2721900,VIB
2021-11-24,23023,24734,22912,24734,8199200,VIB
2021-11-25,25010,25231,24293,24651,3340800,VIB
2021-11-26,24707,25562,24348,24845,4182200,VIB
2021-11-29,24403,24624,23740,24099,3624500,VIB
2021-11-30,24458,24651,22415,23299,5081000,VIB
2021-12-01,23354,23740,22829,23740,3546200,VIB
2021-12-02,23961,24348,23575,23685,2183800,VIB
2021-12-03,23520,24513,23409,23409,3128900,VIB
2021-12-06,23630,23630,21780,22415,3609200,VIB
2021-12-07,22526,22912,22360,22609,1216700,VIB
2021-12-08,22636,23713,22498,23078,1414900,VIB
2021-12-09,23188,23464,23078,23464,1473500,VIB
2021-12-10,23823,24044,23602,23740,2176400,VIB
2021-12-13,24017,24017,23326,23740,2224200,VIB
2021-12-14,23602,24017,23354,23630,1307500,VIB
2021-12-15,23796,24237,23492,24127,2510900,VIB
2021-12-16,24293,24789,24237,24293,2489100,VIB
2021-12-17,24541,24624,24072,24210,1372500,VIB
2021-12-20,24210,25121,23961,25121,4092500,VIB
2021-12-21,25093,25121,24348,24348,1968700,VIB
2021-12-22,24348,24403,22967,24017,3397500,VIB
2021-12-23,23630,23630,22498,23299,3019300,VIB
2021-12-24,23023,24293,22967,24099,1615800,VIB
2021-12-27,24293,24293,22912,23851,994900,VIB
2021-12-28,23685,24293,23354,23685,1460700,VIB
2021-12-29,23906,24845,23878,24348,3329500,VIB
2021-12-30,24348,24845,24348,24431,1449500,VIB
2021-12-31,24458,26115,24458,26115,9613200,VIB
2022-01-04,26473,26529,26087,26308,2311300,VIB
2022-01-05,26308,26970,25866,26197,1966300,VIB
2022-01-06,25838,26722,25562,25783,4190200,VIB
2022-01-07,25645,25949,25480,25507,2216300,VIB
2022-01-10,25342,25562,24569,25121,3785400,VIB
2022-01-11,25121,25397,24458,24679,1697800,VIB
2022-01-12,24679,26115,23575,25921,2888100,VIB
2022-01-13,26170,26777,25673,25728,4106800,VIB
2022-01-14,25231,25673,24845,25342,1318700,VIB
2022-01-17,25342,25783,24017,24293,3082400,VIB
2022-01-18,24017,24789,23244,23961,3248400,VIB
2022-01-19,23851,24624,23851,24072,1232900,VIB
2022-01-20,24072,24569,23244,24293,2766500,VIB
2022-01-21,24017,25397,23989,24900,2323300,VIB
2022-01-24,24789,25369,24293,24348,1532600,VIB
2022-01-25,24348,25286,24293,25286,1454600,VIB
2022-01-26,25397,26501,25286,26004,4286000,VIB
2022-01-27,26032,26501,25562,25838,1798500,VIB
2022-01-28,26115,26998,25783,26253,3606500,VIB
2022-02-07,26446,26777,26142,26142,1529200,VIB
2022-02-08,25728,26501,25728,26501,2461300,VIB
2022-02-09,26749,27053,26335,26446,2899700,VIB
2022-02-10,26280,26556,26059,26280,1854100,VIB
2022-02-11,26115,26667,26087,26335,1582500,VIB
2022-02-14,25838,26197,25342,25342,3436300,VIB
2022-02-15,25397,25783,24845,25507,2588200,VIB
2022-02-16,25507,25507,25066,25176,2393300,VIB
2022-02-17,25397,25838,25176,25838,1576800,VIB
2022-02-18,25728,26170,25618,25866,1499000,VIB
2022-02-21,25507,25866,25480,25728,1898300,VIB
2022-02-22,25397,25838,25231,25673,1809200,VIB
2022-02-23,25949,26418,25783,25894,1991300,VIB
2022-02-24,25756,26059,24845,25866,3087200,VIB
2022-02-25,26004,26308,25949,26170,2371600,VIB
2022-02-28,26225,26280,25894,25894,1375700,VIB
2022-03-01,25838,25949,25507,25949,1554800,VIB
2022-03-02,25728,25728,24348,25286,4369400,VIB
2022-03-03,25093,25397,24513,25397,2259100,VIB
2022-03-04,25342,25562,25066,25286,963100,VIB
2022-03-07,25121,25121,24789,24789,1310200,VIB
2022-03-08,24734,25066,24486,24624,2093200,VIB
2022-03-09,24569,24734,23685,24569,2100000,VIB
2022-03-10,25010,25010,24513,24513,900700,VIB
2022-03-11,24017,24569,24017,24127,1353800,VIB
2022-03-14,24017,24072,23740,23740,1675300,VIB
2022-03-15,23851,24182,23658,23878,1056100,VIB
2022-03-16,24375,24569,24182,24320,1020100,VIB
2022-03-17,24624,24789,24403,24403,560400,VIB
2022-03-18,24431,24513,24293,24458,621300,VIB
2022-03-21,24624,24734,24513,24734,1304200,VIB
2022-03-22,24872,25121,24789,24900,859100,VIB
2022-03-23,24955,25231,24734,24845,666500,VIB
2022-03-24,24845,24845,24513,24679,1065800,VIB
2022-03-25,24679,24762,24569,24569,761900,VIB
2022-03-28,24458,24569,24044,24265,906700,VIB
2022-03-29,24265,24928,24265,24789,1060000,VIB
2022-03-30,24734,25949,24734,25949,3653000,VIB
2022-03-31,25838,26004,25673,25977,1278200,VIB
2022-04-01,25949,26749,25811,26446,2657300,VIB
2022-04-04,26943,26943,26280,26391,1724400,VIB
2022-04-05,26308,26391,25866,25866,1416000,VIB
2022-04-06,25838,26722,25618,26170,1998700,VIB
2022-04-07,26225,26611,25783,25783,1509900,VIB
2022-04-08,25949,25949,24845,24845,1430500,VIB
2022-04-12,25121,25176,24403,24403,991400,VIB
2022-04-13,24458,24983,23961,24845,885500,VIB
2022-04-14,24845,25010,24651,24707,551500,VIB
2022-04-15,24569,24707,24155,24182,1150900,VIB
2022-04-18,24017,24155,23299,23851,1632900,VIB
2022-04-19,23851,24017,23133,23464,947100,VIB
2022-04-20,23464,23658,22829,22829,659100,VIB
2022-04-21,22912,23188,21311,23188,1573400,VIB
2022-04-22,23188,23823,22084,23464,1051800,VIB
2022-04-25,23464,23464,21836,22057,1173700,VIB
2022-04-26,21808,22691,20566,22691,1082600,VIB
2022-04-27,22636,23078,22084,23078,676300,VIB
2022-04-28,22719,23216,22691,22857,494800,VIB
2022-04-29,22912,23878,22774,23740,1467600,VIB
2022-05-04,24017,24017,22305,22305,621500,VIB
2022-05-05,22912,23188,22415,23078,702200,VIB
2022-05-06,22636,23023,22360,22415,616900,VIB
2022-05-09,22084,22415,20869,21532,1298700,VIB
2022-05-10,20152,21366,20152,21201,1148900,VIB
2022-05-11,21587,21780,21146,21780,668700,VIB
2022-05-12,21532,21698,20262,20262,1511900,VIB
2022-05-13,20114,20785,18848,18848,1756000,VIB
2022-05-16,18699,20114,17544,19034,3900600,VIB
2022-05-17,18997,19928,18177,19816,1725900,VIB
2022-05-18,20114,20152,19369,19816,1185100,VIB
2022-05-19,18773,19593,18773,19220,1359600,VIB
2022-05-20,19220,19444,18997,19258,967000,VIB
2022-05-23,19369,19369,18475,18475,877500,VIB
2022-05-24,18215,18997,17991,18997,1034000,VIB
2022-05-25,18997,19630,18997,19630,1084900,VIB
2022-05-26,19742,19742,19407,19518,798500,VIB
2022-05-27,19556,20040,19407,20003,2060600,VIB
2022-05-30,20040,20338,19965,20263,999300,VIB
2022-05-31,20301,20301,19816,19965,467200,VIB
2022-06-01,19928,20189,19667,19742,514600,VIB
2022-06-02,19742,19928,19407,19593,752700,VIB
2022-06-03,19593,19667,19258,19444,633800,VIB
2022-06-06,19444,19481,19220,19481,1099500,VIB
2022-06-07,19481,19518,18922,19369,755400,VIB
2022-06-08,19742,20114,19369,19854,968300,VIB
2022-06-09,19965,19965,19593,19742,380900,VIB
2022-06-10,19444,19854,19407,19407,607900,VIB
2022-06-13,18662,18848,18066,18066,1897500,VIB
2022-06-14,18028,18028,16836,16836,2198900,VIB
2022-06-15,16762,16836,15719,16389,3654500,VIB
2022-06-16,16687,17134,16464,16538,797900,VIB
2022-06-17,16166,16166,15384,15384,4375100,VIB
2022-06-20,15384,16091,14341,14378,3203200,VIB
2022-06-21,13707,14452,13409,13409,3064200,VIB
2022-06-22,14005,14341,13558,14341,4284800,VIB
2022-06-23,14639,15160,14527,15160,1731700,VIB
2022-06-24,15421,15458,15086,15346,1390100,VIB
2022-06-27,15346,15458,15048,15421,1535900,VIB
2022-06-28,15570,16464,15421,16464,1753800,VIB
2022-06-29,16538,17581,16240,16687,2386500,VIB
2022-06-30,16725,16985,16017,16017,1565500,VIB
2022-07-01,16017,17134,15048,16948,2331300,VIB
2022-07-04,17209,18103,17209,18103,4232400,VIB
2022-07-05,18624,18922,17954,17954,2740100,VIB
2022-07-06,17358,18252,17358,17954,1675200,VIB
2022-07-07,18103,18885,17283,18699,3123300,VIB
2022-07-08,18960,19183,18624,18662,1823700,VIB
2022-07-11,18028,18475,17656,17805,2490200,VIB
2022-07-12,17693,18550,17619,18103,1057100,VIB
2022-07-13,18252,18773,17879,18103,1516500,VIB
2022-07-14,17991,18252,17805,18215,1213000,VIB
2022-07-15,18215,18773,18066,18066,2594500,VIB
2022-07-18,18103,18364,18066,18326,1385800,VIB
2022-07-19,18401,18401,17991,18103,1095000,VIB
2022-07-20,18587,18624,18326,18513,2046400,VIB
2022-07-21,18662,18960,18624,18699,1682200,VIB
2022-07-22,18960,19705,18736,19518,4380500,VIB
2022-07-25,19369,19369,18997,19183,1358300,VIB
2022-07-26,19146,19481,18997,19109,1138400,VIB
2022-07-27,18997,19146,18773,19109,817000,VIB
2022-07-28,19407,19705,19146,19705,2360800,VIB
2022-07-29,19742,20338,19705,19816,6336200,VIB
2022-08-01,19742,19928,19593,19854,1816300,VIB
2022-08-02,20114,20226,19779,19816,1723800,VIB
2022-08-03,19816,19816,19444,19518,1980300,VIB
2022-08-04,19705,19705,19369,19444,2374400,VIB
2022-08-05,19369,19369,19109,19332,2453300,VIB
2022-08-08,19220,19593,19220,19481,1558800,VIB
2022-08-09,19593,19593,19295,19407,1597000,VIB
2022-08-10,19369,19444,19295,19369,1361400,VIB
2022-08-11,19518,19593,18997,19109,2342900,VIB
2022-08-12,19295,19295,18922,19220,1485300,VIB
2022-08-15,19369,19779,19220,19556,2349900,VIB
2022-08-16,19593,19928,19444,19667,3397300,VIB
2022-08-17,19667,19742,19481,19481,2337400,VIB
2022-08-18,19444,19705,19369,19369,2759000,VIB
2022-08-19,19295,19518,19146,19146,1839700,VIB
2022-08-22,19220,19220,18364,18624,2423500,VIB
2022-08-23,18401,18773,18289,18773,1122200,VIB
2022-08-24,18885,19034,18699,18699,1099400,VIB
2022-08-25,18922,19258,18773,19146,2116600,VIB
2022-08-26,19146,19258,18885,18922,1537900,VIB
2022-08-29,18699,19146,18364,18848,1847200,VIB
2022-08-30,19071,19183,18624,18624,1672800,VIB
2022-08-31,18624,18773,18513,18624,1229800,VIB
2022-09-05,18624,18736,18289,18289,1545900,VIB
2022-09-06,18289,18475,18177,18326,2007100,VIB
2022-09-07,18326,18885,18252,18252,3009400,VIB
2022-09-08,18401,18475,17581,17581,1882400,VIB
2022-09-09,17693,17730,16613,17581,4168400,VIB
2022-09-12,17730,17842,17097,17395,1533800,VIB
2022-09-13,17432,17544,17134,17395,1088700,VIB
2022-09-14,17060,17246,16874,17246,1347100,VIB
2022-09-15,17358,17358,17134,17134,685900,VIB
2022-09-16,17060,17134,16650,16948,1448000,VIB
2022-09-19,16538,16836,15905,16427,2560300,VIB
2022-09-20,16389,16613,15905,16613,1654000,VIB
2022-09-21,16389,16464,16203,16389,959900,VIB
2022-09-22,16091,16762,16054,16762,1412400,VIB
2022-09-23,16538,16762,16427,16613,919300,VIB
2022-09-26,16240,17134,15607,16799,2790900,VIB
2022-09-27,16464,17544,16464,17321,3852400,VIB
2022-09-28,17432,17432,16762,16985,1211300,VIB
2022-09-29,17097,17283,16464,16501,1563400,VIB
2022-09-30,16464,16576,15719,16389,2095300,VIB
2022-10-03,16091,16464,15570,15756,2311800,VIB
2022-10-04,15942,16427,15793,15831,2047800,VIB
2022-10-05,16389,16389,15980,15980,1321000,VIB
2022-10-06,15980,15980,14899,15458,2044800,VIB
2022-10-07,14825,15384,14378,14899,2375700,VIB
2022-10-10,14788,15235,14303,14862,1627900,VIB
2022-10-11,14527,14788,13856,14415,2499700,VIB
2022-10-12,14378,15309,14378,14601,2003400,VIB
2022-10-13,14676,14899,14527,14676,1455300,VIB
2022-10-14,15682,15682,14937,15048,2742500,VIB
2022-10-17,15011,15048,14452,14825,1225800,VIB
2022-10-18,15086,15272,14825,14862,1502400,VIB
2022-10-19,14899,15346,14825,15197,1568000,VIB
2022-10-20,15272,15272,14825,14862,1552600,VIB
2022-10-21,14974,14974,13894,14303,2151700,VIB
2022-10-24,14341,14341,13335,14043,1919100,VIB
2022-10-25,14154,14750,13409,14341,1845500,VIB
2022-10-26,14415,14527,13894,14192,787200,VIB
2022-10-27,14303,14825,13894,14825,2130200,VIB
2022-10-28,14974,15309,14676,14676,2309700,VIB
2022-10-31,14788,14825,14229,14601,1229300,VIB
2022-11-01,14825,15235,14750,15011,5002300,VIB
2022-11-02,15011,15831,14974,15421,9637500,VIB
2022-11-03,15309,15495,15086,15123,4351300,VIB
2022-11-04,14899,15123,14080,14713,6769700,VIB
2022-11-07,14341,14676,13707,13745,5978300,VIB
2022-11-08,13409,13894,13372,13819,3446300,VIB
2022-11-09,13670,14080,13484,13707,2685200,VIB
2022-11-10,13409,13558,12776,13037,5652800,VIB
2022-11-11,13260,13372,12292,13037,4915500,VIB
2022-11-14,12702,13149,12217,12962,4054300,VIB
2022-11-15,12664,12813,12068,12664,4764800,VIB
2022-11-16,12106,13521,12106,13409,3635900,VIB
2022-11-17,13707,14005,13558,13745,3260100,VIB
2022-11-18,13745,13856,13335,13707,2573700,VIB
2022-11-21,13782,14080,13670,13782,2445900,VIB
2022-11-22,13670,14154,13521,13558,4852700,VIB
2022-11-23,13707,13707,13335,13335,1916000,VIB
2022-11-24,13260,13372,13037,13298,2192100,VIB
2022-11-25,13558,13633,13409,13633,3619400,VIB
2022-11-28,13968,14378,13707,14192,6155300,VIB
2022-11-29,14266,14378,13856,14117,5562500,VIB
2022-11-30,14266,15086,14117,15086,11706100,VIB
2022-12-01,15533,15607,14862,14899,10026300,VIB
2022-12-02,14788,15942,14750,15942,8818700,VIB
2022-12-05,16389,16576,15980,16315,8779600,VIB
2022-12-06,16352,16389,15197,15197,11257500,VIB
2022-12-07,15197,15421,14899,15235,4991800,VIB
2022-12-08,15570,16240,15346,15607,6289200,VIB
2022-12-09,15644,15756,15346,15607,5121700,VIB
2022-12-12,15644,15868,15123,15160,4647500,VIB
2022-12-13,15086,15458,14899,15458,5059500,VIB
2022-12-14,15570,15644,15346,15346,5267900,VIB
2022-12-15,15421,16017,15346,15644,5964300,VIB
2022-12-16,15421,15719,15421,15495,4733700,VIB
2022-12-19,15533,16054,15458,15458,5531100,VIB
2022-12-20,15384,15458,14564,14676,5751300,VIB
2022-12-21,14750,15048,14005,14676,3331700,VIB
2022-12-22,14899,15048,14527,14862,2194100,VIB
2022-12-23,14788,14862,14452,14639,1624300,VIB
2022-12-26,14639,14750,13633,13670,3330600,VIB
2022-12-27,13633,14154,13633,14154,1879500,VIB
2022-12-28,14043,14341,13894,14154,1704100,VIB
2022-12-29,13968,14303,13968,14080,1375100,VIB
2022-12-30,14229,14341,14080,14154,1426000,VIB
2023-01-03,14117,14825,14117,14825,2386500,VIB
2023-01-04,14899,15197,14750,14825,2527100,VIB
2023-01-05,14825,15011,14788,14974,1760900,VIB
2023-01-06,15048,15533,14899,15346,5142600,VIB
2023-01-09,15495,16129,15495,15756,4565900,VIB
2023-01-10,15793,15942,15533,15756,3781600,VIB
2023-01-11,16017,16017,15793,15793,4154100,VIB
2023-01-12,15756,16352,15756,16240,4931600,VIB
2023-01-13,16538,16836,16315,16427,6249900,VIB
2023-01-16,16576,16687,16427,16613,2579100,VIB
2023-01-17,16576,17060,16576,17060,3424600,VIB
2023-01-18,17246,17283,16985,17060,3544300,VIB
2023-01-19,16836,17097,16799,17060,4654000,VIB
2023-01-27,17358,17507,17209,17395,3768100,VIB
2023-01-30,17470,17544,17172,17172,4444500,VIB
2023-01-31,17134,17544,16836,17544,7272500,VIB
2023-02-01,17842,18177,17432,17581,8391300,VIB
2023-02-02,17581,17805,17358,17581,4362300,VIB
2023-02-03,17730,18103,17544,18103,4288000,VIB
2023-02-06,17730,17954,17544,17619,3213900,VIB
2023-02-07,17805,17805,17060,17172,3715300,VIB
2023-02-08,17134,17470,17060,17283,2420800,VIB
2023-02-09,18184,18225,17858,17899,1773800,VIB
2023-02-10,17899,18021,17004,17085,3334000,VIB
2023-02-13,16679,17085,16272,16435,3844100,VIB
2023-02-14,16638,16923,16516,16679,1270100,VIB
2023-02-15,16679,17085,16475,16841,3332100,VIB
2023-02-16,17004,17126,16841,17004,2126100,VIB
2023-02-17,17167,17492,17085,17492,3786200,VIB
2023-02-20,17452,17899,17411,17899,3972500,VIB
2023-02-21,18102,18225,17736,17736,3183000,VIB
2023-02-22,17492,17655,17085,17085,3325600,VIB
2023-02-23,17126,17492,16841,17492,3097500,VIB
2023-02-24,17452,17655,17085,17085,1443600,VIB
2023-02-27,16841,17248,16719,16719,2071000,VIB
2023-02-28,16841,17004,16638,16719,1348100,VIB
2023-03-01,16719,17167,16516,17167,2472900,VIB
2023-03-02,17126,17289,17004,17085,1234800,VIB
2023-03-03,17167,17207,16801,16801,1333600,VIB
2023-03-06,16923,17126,16760,16760,1985300,VIB
2023-03-07,17004,17085,16719,16760,1914900,VIB
2023-03-08,16719,16882,16557,16841,2688600,VIB
2023-03-09,17004,17370,16923,17248,4209700,VIB
2023-03-10,17045,17167,16841,17045,2337300,VIB
2023-03-13,16841,16963,16760,16841,3069900,VIB
2023-03-14,16801,16923,16394,16475,2489300,VIB
2023-03-15,16801,17411,16760,17411,7400900,VIB
2023-03-16,17330,17330,16923,17004,3550700,VIB
2023-03-17,17289,17289,17004,17045,2763200,VIB
2023-03-20,17045,17289,16719,16719,5064900,VIB
2023-03-21,17004,17004,16597,16882,2879600,VIB
2023-03-22,17004,17004,16801,16841,2169700,VIB
2023-03-23,16760,16841,16597,16801,3273300,VIB
2023-03-24,16923,17167,16882,17045,5705400,VIB
2023-03-27,17085,17207,17004,17167,4952000,VIB
2023-03-28,17289,17492,17207,17207,6886900,VIB
2023-03-29,17248,17452,17167,17289,5015200,VIB
2023-03-30,17452,17655,17370,17370,5388000,VIB
2023-03-31,17452,17533,17289,17411,6044200,VIB
2023-04-03,17655,17736,17533,17655,6201200,VIB
2023-04-04,17696,18143,17614,17980,7571200,VIB
2023-04-05,17980,18021,17818,17858,5630800,VIB
2023-04-06,17900,17984,17484,17484,6176600,VIB
2023-04-07,17442,17609,17318,17401,3902600,VIB
2023-04-10,17567,17692,17318,17401,4672900,VIB
2023-04-11,17401,17567,17318,17567,4240400,VIB
2023-04-12,17651,17900,17567,17734,4787800,VIB
2023-04-13,17776,17776,17484,17609,3205900,VIB
2023-04-14,17609,17859,17318,17318,5005300,VIB
2023-04-17,17318,17401,17193,17193,2123600,VIB
2023-04-18,17318,17318,17151,17193,1923500,VIB
2023-04-19,17234,17359,16985,17026,3179500,VIB
2023-04-20,16985,17068,16943,16985,2254700,VIB
2023-04-21,17026,17151,16776,16776,3355800,VIB
2023-04-24,16860,17068,16776,16901,3896100,VIB
2023-04-25,16943,17026,16610,16652,2807100,VIB
2023-04-26,16776,17026,16652,17026,2819200,VIB
2023-04-27,17026,17026,16860,16860,1895500,VIB
2023-04-28,16943,17068,16860,17068,4237100,VIB
2023-05-04,17068,17068,16818,16818,2239800,VIB
2023-05-05,16943,16943,16776,16776,2400400,VIB
2023-05-08,16818,16985,16776,16943,4571100,VIB
2023-05-09,17026,17026,16818,16860,1754500,VIB
2023-05-10,16901,17234,16818,17193,6172700,VIB
2023-05-11,17234,17359,17068,17109,3478400,VIB
2023-05-12,17193,17234,16985,17068,4439100,VIB
2023-05-15,17151,17609,17109,17359,10348900,VIB
2023-05-16,17442,17609,17276,17401,6169600,VIB
2023-05-17,17318,17484,17318,17318,5670400,VIB
2023-05-18,17318,18025,17276,17859,10803300,VIB
2023-05-19,17900,17942,17692,17817,4445400,VIB
2023-05-22,17942,18067,17817,17984,4761800,VIB
2023-05-23,17984,18067,17609,17734,5636500,VIB
2023-05-24,17859,17859,17484,17484,5366900,VIB
2023-05-25,17442,17526,17359,17401,3309900,VIB
2023-05-26,17442,17567,17359,17526,2404300,VIB
2023-05-29,17651,17734,17484,17734,3875800,VIB
2023-05-30,17776,17817,17651,17734,3850400,VIB
2023-05-31,17734,18109,17734,17817,6502900,VIB
2023-06-01,17817,17984,17734,17942,4251200,VIB
2023-06-02,18233,19191,18233,19191,21473100,VIB
2023-06-05,19649,19649,19149,19316,8326700,VIB
2023-06-06,19316,19649,19233,19649,9666600,VIB
2023-06-07,19649,19690,19399,19649,7241900,VIB
2023-06-08,19649,19690,19024,19024,14234800,VIB
2023-06-09,19108,19649,18941,19482,11068900,VIB
2023-06-12,19524,19690,19066,19566,5712200,VIB
2023-06-13,19566,19649,19316,19482,5855200,VIB
2023-06-14,19566,20024,19399,19399,10432000,VIB
2023-06-15,19399,19482,19233,19274,6601200,VIB
2023-06-16,19316,19649,19233,19233,9142000,VIB
2023-06-19,19233,19357,19149,19233,4677500,VIB
2023-06-20,19233,19482,19233,19399,5205900,VIB
2023-06-21,19482,19482,19357,19399,8393200,VIB
2023-06-22,19800,20000,19750,19750,8928600,VIB
2023-06-23,19800,20200,19800,19950,5935300,VIB
2023-06-26,20100,20100,19600,19950,6614000,VIB
2023-06-27,20000,20000,19650,19800,4437400,VIB
2023-06-28,19800,20000,19650,19850,4521100,VIB
2023-06-29,19900,19950,19700,19750,5794700,VIB
2023-06-30,19750,19800,19650,19650,3321000,VIB
